adduct,mz,rt QE,name,Formula,
M-3H,218.9465,0.59,PHYTIC ACID,C6H18O24P6,
M-H,140.0829,0.62,L-HISTIDINOL,C6H11N3O,
M+Cl,176.0596,0.62,L-HISTIDINOL+Cl,C6H11N3O,
M+FA-H,186.0884,0.62,L-HISTIDINOL+FA,C6H11N3O,
M-H,161.0932,0.63,DL-5-HYDROXYLYSINE,C6H14N2O3,
M-H,131.0826,0.63,D-ORNITHINE,C5H12N2O2,
M-H,103.0513,0.63,"L-2,3-DIAMINOPROPIONIC ACID",C3H8N2O2,
M-H,131.0826,0.63,L-ORNITHINE,C5H12N2O2,
M-H,145.0983,0.64,L-LYSINE,C6H14N2O2,
M+Cl,214.0488,0.66,D-GALACTOSAMINE+Cl,C6H13NO5,
M+FA-H,224.0776,0.66,D-GALACTOSAMINE+FA,C6H13NO5,
M-H-[-H2O],160.0615,0.66,D-GALACTOSAMINE-H2O,C6H13NO5,
M-H-[-H2O],160.0615,0.66,D-GLUCOSAMINE,C6H13NO5,
M+Cl,214.0488,0.66,D-GLUCOSAMINE+Cl,C6H13NO5,
M+FA-H,224.0776,0.66,D-GLUCOSAMINE+FA,C6H13NO5,
M-H,154.0622,0.67,L-HISTIDINE,C6H9N3O2,
M+Na-2H,176.0441,0.67,L-HISTIDINE+Na,C6H9N3O2,
M+Cl,214.0488,0.68,D-MANNOSAMINE,C6H13NO5,
M+FA-H,224.0776,0.68,D-MANNOSAMINE,C6H13NO5,
M-H,178.0721,0.68,D-MANNOSAMINE,C6H13NO5,
M-H-[-H2O],160.0615,0.68,D-MANNOSAMINE,C6H13NO5,
M+K-2H,259.016,0.68,L-CYSTATHIONINE,C7H14N2O4S,
M+Na-2H,243.0421,0.68,L-CYSTATHIONINE,C7H14N2O4S,
M-H,221.0602,0.68,L-CYSTATHIONINE,C7H14N2O4S,
M-H,120.0125,0.68,L-CYSTEINE,C3H7NO2S,
M-H,189.0881,0.68,"LL-2,6-DIAMINOHEPTANEDIOATE",C7H14N2O4,
M+K-2H,227.044,0.68,"LL-2,6-DIAMINOHEPTANEDIOATE+K",C7H14N2O4,
M+Na-2H,211.07,0.68,"LL-2,6-DIAMINOHEPTANEDIOATE+Na",C7H14N2O4,
,231.0987,0.68,MYO-INOSITOL D6,C6D6H6O6,
M-H,124.0169,0.69,(2-AMINOETHYL)PHOSPHONATE,C2H8NO3P,
M+Cl,159.9936,0.69,(2-AMINOETHYL)PHOSPHONATE+Cl,C2H8NO3P,
M+FA-H,170.0224,0.69,(2-AMINOETHYL)PHOSPHONATE+FA,C2H8NO3P,
M-H,140.0118,0.69,2-AMINOETHYL DIHYDROGEN PHOSPHATE,C2H8NO4P,
M+Cl,175.9885,0.69,2-AMINOETHYL DIHYDROGEN PHOSPHATE+Cl,C2H8NO4P,
M+Na-2H,161.9938,0.69,2-AMINOETHYL DIHYDROGEN PHOSPHATE+Na,C2H8NO4P,
M-H,140.0118,0.69,ETHANOLAMINE PHOSPHATE,C2H8NO4P,
M+Cl,175.9885,0.69,ETHANOLAMINE PHOSPHATE+Cl,C2H8NO4P,
M+Na-2H,161.9938,0.69,ETHANOLAMINE PHOSPHATE+Na,C2H8NO4P,
M-H,194.067,0.69,GLUCOSAMINATE,C6H13NO6,
M+Cl,209.0811,0.69,L-ARGININE+Cl,C6H14N4O2,
M-H,173.1044,0.69,L-ARGININE,C6H14N4O2,
M-H,239.0166,0.69,L-CYSTINE,C6H12N2O4S2,
M+Na-2H,260.9985,0.69,L-CYSTINE+Na,C6H12N2O4S2,
M-H,104.0353,0.69,L-SERINE,C3H7NO3,
M-H-[-H2O],161.0455,0.7,D-FRUCTOSE-H2O,C6H12O6,
,199.0007,0.7,ERYTHROSE 4-PHOSPHATE,C4H9O7P,
,338.9883,0.7,"FRUCTOSE 1,6-BISPHOSPHATE",C6H14O12P2,
,360.9702,0.7,"FRUCTOSE 1,6-BISPHOSPHATE-2H+NA",C6H14O12P2,
,257.0063,0.7,GLUCOSE 6-PHOSPHATE/FRUCTOSE 6-PHOSPHATE,C6H13O9P,
M-H,108.0125,0.7,HYPOTAURINE,C2H7NO2S,
M-H,131.0462,0.7,L-ASPARAGINE,C4H8N2O3,
M+Cl,167.0229,0.7,L-ASPARAGINE+Cl,C4H8N2O3,
M+Na-2H,153.0282,0.7,L-ASPARAGINE+Na,C4H8N2O3,
M-H-[-H2O],113.0357,0.7,L-ASPARAGINE-H2O,C4H8N2O3,
M-H,179.0496,0.7,L-METHIONINE SULFOXIMINE,C5H12N2O3S,
M+Cl,215.0263,0.7,L-METHIONINE SULFOXIMINE+Cl,C5H12N2O3S,
M-H,179.0561,0.7,L-SORBOSE,C6H12O6,
M+Cl,215.0328,0.7,L-SORBOSE+Cl,C6H12O6,
M+FA-H,225.0616,0.7,L-SORBOSE+FA,C6H12O6,
M-H-[-H2O],161.0455,0.7,L-SORBOSE-H2O,C6H12O6,
M+Cl,215.0328,0.7,MANNOSE,C6H12O6,
M+FA-H,225.0616,0.7,MANNOSE,C6H12O6,
M-H,179.0561,0.7,MANNOSE,C6H12O6,
M-H-[-H2O],161.0455,0.7,MANNOSE-H2O,C6H12O6,
M-H,179.0561,0.7,MYO-INOSITOL,C6H12O6,
M+Cl,215.0328,0.7,MYO-INOSITOL+Cl,C6H12O6,
M+FA-H,225.0616,0.7,MYO-INOSITOL+FA,C6H12O6,
M-H-[-H2O],161.0455,0.7,MYO-INOSITOL-H2O,C6H12O6,
M+Cl,223.1219,0.7,"NEPSILON,NEPSILON,NEPSILON-TRIMETHYLLYSINE+Cl",C9H20N2O2,
M+FA-H,233.1507,0.7,"NEPSILON,NEPSILON,NEPSILON-TRIMETHYLLYSINE+FA",C9H20N2O2,
M-H,184.0016,0.7,O-PHOSPHO-DL-SERINE,C3H8NO6P,
M+Na-2H,205.9836,0.7,O-PHOSPHO-DL-SERINE+Na,C3H8NO6P,
M-H,184.0016,0.7,O-PHOSPHO-L-SERINE,C3H8NO6P,
M+Na-2H,205.9836,0.7,O-PHOSPHO-L-SERINE+Na,C3H8NO6P,
M-H-[-H2O],165.9911,0.7,O-PHOSPHO-L-SERINE-H2O,C3H8NO6P,
,122.9757,0.7,SULFOACETALDEHYDE,C2H4O4S,
M-H,225.0993,0.71,CARNOSINE,C9H14N4O3,
M-H,132.0302,0.71,D-ASPARTATE,C4H7NO4,
M+Na-2H,154.0122,0.71,D-ASPARTATE+Na,C4H7NO4,
M-H-[-H2O],114.0197,0.71,D-ASPARTATE-H2O,C4H7NO4,
M-H,258.0289,0.71,D-GLUCOSAMINE 6-SULFATE,C6H13NO8S,
,257.0063,0.71,GLUCOSE 1-PHOSPHATE,C6H13O9P,
,154.0622,0.71,L-HISTIDINE,C6H9N3O2,
M-H,124.0074,0.71,TAURINE,C2H7NO3S,
M-H,177.0339,0.72,CYS-GLY,C5H10N2O3S,
M+Na-2H,199.0159,0.72,CYS-GLY+Na,C5H10N2O3S,
M-H,259.0224,0.72,D-FRUCTOSE 6-PHOSPHATE,C6H13O9P,
M-H-[-H2O],241.0119,0.72,D-FRUCTOSE 6-PHOSPHATE-H2O,C6H13O9P,
3M-H,179.0561,0.72,GLYCOLALDEHYDE DIMER,C2H4O2,
M+K-2H,96.9697,0.72,GLYCOLALDEHYDE DIMER,C2H4O2,
M-H,118.051,0.72,HOMOSERINE,C4H9NO3,
M-H-[-H2O],100.0404,0.72,HOMOSERINE-H2O,C4H9NO3,
M-H,132.0302,0.72,L-ASPARTATE,C4H7NO4,
M+Na-2H,154.0122,0.72,L-ASPARTATE+Na,C4H7NO4,
M-H-[-H2O],114.0197,0.72,L-ASPARTATE-H2O,C4H7NO4,
M-H,167.9972,0.72,L-CYSTEIC ACID,C3H7NO5S,
M+Na-2H,189.9792,0.72,L-CYSTEIC ACID+Na,C3H7NO5S,
M-H,152.0023,0.73,3-SULFINO-L-ALANINE,C3H7NO4S,
M+Na-2H,173.9842,0.73,3-SULFINO-L-ALANINE+Na,C3H7NO4S,
M-H,130.051,0.73,4-HYDROXY-L-PROLINE,C5H9NO3,
M+Cl,166.0276,0.73,4-HYDROXY-L-PROLINE+Cl,C5H9NO3,
M-H,259.0224,0.73,ALPHA-D-GALACTOSE 1-PHOSPHATE,C6H13O9P,
M-H-[-H2O],241.0119,0.73,ALPHA-D-GALACTOSE 1-PHOSPHATE-H2O,C6H13O9P,
M+Cl,166.0276,0.73,CIS-4-HYDROXY-D-PROLINE,C5H9NO3,
M-H,130.051,0.73,CIS-4-HYDROXY-D-PROLINE,C5H9NO3,
M-H,179.0561,0.73,D-GALACTOSE,C6H12O6,
M+Cl,215.0328,0.73,D-GALACTOSE+Cl,C6H12O6,
M+FA-H,225.0616,0.73,D-GALACTOSE+FA,C6H12O6,
M-2H,89.0244,0.73,D-GALACTOSE2-,C6H12O6,
M-H-[-H2O],161.0455,0.73,D-GALACTOSE-H2O,C6H12O6,
,185.0757,0.73,D-GLUCOSE-13C6,HO*CH2(*CHOH)4*CHO,
,221.0524,0.73,D-GLUCOSE-13C6,HO*CH2(*CHOH)4*CHO,
M-H,193.0354,0.73,D-GLUCURONIC ACID,C6H10O7,
M+Cl,229.0121,0.73,D-GLUCURONIC ACID+Cl,C6H10O7,
M-H-[-H2O],175.0248,0.73,D-GLUCURONIC ACID-H2O,C6H10O7,
M-H,193.0354,0.73,D-GLUCURONOLACTONE,C6H10O7,
M+Cl,229.0121,0.73,D-GLUCURONOLACTONE+Cl,C6H10O7,
M-H-[-H2O],175.0248,0.73,D-GLUCURONOLACTONE-H2O,C6H10O7,
M-H,259.0224,0.73,D-MANNOSE 6-PHOSPHATE,C6H13O9P,
M-H-[-H2O],241.0119,0.73,D-MANNOSE 6-PHOSPHATE,C6H13O9P,
M-H,179.0561,0.73,D-TAGATOSE,C6H12O6,
M+Cl,215.0328,0.73,D-TAGATOSE+Cl,C6H12O6,
M+FA-H,225.0616,0.73,D-TAGATOSE+FA,C6H12O6,
M-H-[-H2O],161.0455,0.73,D-TAGATOSE-H2O,C6H12O6,
M-H,181.0718,0.73,GALACTITOL,C6H14O6,
M+Cl,217.0484,0.73,GALACTITOL+Cl,C6H14O6,
M+FA-H,227.0772,0.73,GALACTITOL+FA,C6H14O6,
M-H,179.0561,0.73,GLUCOSE/FRUCTOSE ,C6H12O6,
M+Cl,215.0328,0.73,GLUCOSE/FRUCTOSE +Cl,C6H12O6,
M+FA-H,225.0616,0.73,GLUCOSE/FRUCTOSE +FA,C6H12O6,
M-2H,89.0244,0.73,GLUCOSE/FRUCTOSE 2-,C6H12O6,
M-H-[-H2O],161.0455,0.73,GLUCOSE/FRUCTOSE-H2O,C6H12O6,
M-H,118.051,0.73,L-ALLOTHREONINE,C4H9NO3,
M-H,145.0619,0.73,L-GLUTAMINE,C5H10N2O3,
M+Cl,181.0385,0.73,L-GLUTAMINE+Cl,C5H10N2O3,
M-H-[-H2O],127.0513,0.73,L-GLUTAMINE-H2O,C5H10N2O3,
,130.051,0.73,TRANS-4-HYDROXY-L_PROLINE,C5H9NO3,
M+Na-2H,197.0068,0.74,ASCORBATE+Na,C6H8O6,
M-H,131.0462,0.74,ASPARAGINE,C4H8N2O3,
M-H,149.0455,0.74,D-ARABINOSE,C5H10O5,
M+Cl,185.0222,0.74,D-ARABINOSE+Cl,C5H10O5,
M+FA-H,195.051,0.74,D-ARABINOSE+FA,C5H10O5,
M-H-[-H2O],131.035,0.74,D-ARABINOSE-H2O,C5H10O5,
M-H-[-H2O],241.0119,0.74,D-GLUCOSE 6-PHOSPHATE-H2O,C6H13O9P,
M-H,195.051,0.74,D-GULONIC ACID GAMA-LACTONE,C6H12O7,
M-H-[-H2O],177.0405,0.74,D-GULONIC ACID GAMA-LACTONE-H2O,C6H12O7,
M-H,181.0718,0.74,D-SORBITOL,C6H14O6,
M+Cl,217.0484,0.74,D-SORBITOL+Cl,C6H14O6,
M+FA-H,227.0772,0.74,D-SORBITOL+FA,C6H14O6,
M-H,149.0455,0.74,D-XYLOSE,C5H10O5,
M+Cl,185.0222,0.74,D-XYLOSE+Cl,C5H10O5,
M+FA-H,195.051,0.74,D-XYLOSE+FA,C5H10O5,
M-H-[-H2O],131.035,0.74,D-XYLOSE-H2O,C5H10O5,
M-H,209.0303,0.74,GALACTARATE,C6H10O8,
M+Na-2H,231.0122,0.74,GALACTARATE+Na,C6H10O8,
M+FA-H,135.0299,0.74,GLYCERALDEHYDE+FA,C3H6O3,
M-H,118.051,0.74,L-THREONINE,C4H9NO3,
M-H,181.0718,0.74,MANNITOL,C6H14O6,
,181.0717,0.74,MANNITOL/SORBITOL,C6H14O6,
M+Cl,217.0484,0.74,MANNITOL+Cl,C6H14O6,
M+FA-H,227.0772,0.74,MANNITOL+FA,C6H14O6,
M-H,130.051,0.74,TRANS-4-HYDROXYPROLINE,C5H9NO3,
M+Cl,166.0276,0.74,TRANS-4-HYDROXYPROLINE+Cl,C5H9NO3,
M-H,275.0174,0.75,6-PHOSPHOGLUCONIC ACID,C6H13O10P,
M-H,149.0455,0.75,ARABINOSE,C5H10O5,
M+Cl,185.0222,0.75,ARABINOSE+Cl,C5H10O5,
M+FA-H,195.051,0.75,ARABINOSE+FA,C5H10O5,
M-H-[-H2O],131.035,0.75,ARABINOSE-H2O,C5H10O5,
M-H,179.0561,0.75,D-PSICOSE,C6H12O6,
M+Cl,215.0328,0.75,D-PSICOSE+Cl,C6H12O6,
M+FA-H,225.0616,0.75,D-PSICOSE+FA,C6H12O6,
M-H-[-H2O],161.0455,0.75,D-PSICOSE-H2O,C6H12O6,
M-H,195.051,0.75,GLUCONIC ACID,C6H12O7,
,195.051,0.75,GLUCONIC ACID/D-GULONIC ACID GAMA-LACTONE,C6H12O7,
,217.0293,0.75,GLUCOSE+Cl,C6H12O6,
M-H,151.0612,0.75,L-ARABITOL,C5H12O5,
M+Cl,187.0379,0.75,L-ARABITOL+Cl,C5H12O5,
M+FA-H,197.0667,0.75,L-ARABITOL+FA,C5H12O5,
M-H,146.0459,0.75,L-GLUTAMIC ACID,C5H9NO4,
M+Na-2H,168.0278,0.75,L-GLUTAMIC ACID+Na,C5H9NO4,
M-H-[-H2O],128.0353,0.75,L-GLUTAMIC ACID-H2O,C5H9NO4,
M+Na-2H,138.9649,0.75,MESOXALATE+Na,C3H2O5,
M-H,138.9802,0.75,PHOSPHONOACETATE,C2H5O5P,
M-H-[-H2O],120.9696,0.75,PHOSPHONOACETATE-H2O,C2H5O5P,
M-H,151.0612,0.75,RIBITOL,C5H12O5,
M+Cl,187.0379,0.75,RIBITOL+Cl,C5H12O5,
M+FA-H,197.0667,0.75,RIBITOL+FA,C5H12O5,
M+Cl,202.9977,0.75,URATE+Cl,C5H4N4O3,
M-H,151.0612,0.75,XYLITOL,C5H12O5,
M+Cl,187.0379,0.75,XYLITOL+Cl,C5H12O5,
M+FA-H,197.0667,0.75,XYLITOL+FA,C5H12O5,
M-H,132.0302,0.76,ASPARTATE,C4H7NO4,
M+FA-H,179.0561,0.76,DEOXYRIBOSE+FA,C5H10O4,
M-H,193.0354,0.76,D-GALACTURONIC ACID,C6H10O7,
M-H-[-H2O],175.0248,0.76,D-GALACTURONIC ACID-H2O,C6H10O7,18.0106
M-H,195.051,0.76,D-GLUCONATE,C6H12O7,
M-H-[-H2O],177.0405,0.76,D-GLUCONATE-H2O,C6H12O7,
M+Cl,157.0273,0.76,ERYTHRITOL+Cl,C4H10O4,
M+FA-H,167.0561,0.76,ERYTHRITOL+FA,C4H10O4,
M-H,239.115,0.76,L-ANSERINE,C10H16N4O3,
M+Cl,275.0916,0.76,L-ANSERINE+Cl,C10H16N4O3,
M-2H,119.0538,0.76,L-ANSERINE2-,C10H16N4O3,
M-H,146.0459,0.76,N-METHYL-D-ASPARTIC ACID,C5H9NO4,
M+Na-2H,168.0278,0.76,N-METHYL-D-ASPARTIC ACID+Na,C5H9NO4,
M-H-[-H2O],128.0353,0.76,N-METHYL-D-ASPARTIC ACID-H2O,C5H9NO4,
,88.0404,0.76,SARCOSINE/BETA-ALANINE,C3H7NO2,
,130.051,0.77,4-HYDROXYPROLINE,C5H9NO3,
M-H,151.0612,0.77,C5-SUGAR ALCOHOL,C5H12O5,
M-H,195.051,0.77,"D-GLUCONO-1,5-LACTONE",C6H12O7,
M-H,341.1089,0.77,D-LACTOSE,C12H22O11,
M+Cl,377.0856,0.77,D-LACTOSE+Cl,C12H22O11,
M+FA-H,387.1144,0.77,D-LACTOSE+FA,C12H22O11,
M-H,149.0455,0.77,D-LYXOSE,C5H10O5,
M+Cl,185.0222,0.77,D-LYXOSE+Cl,C5H10O5,
M+FA-H,195.051,0.77,D-LYXOSE+FA,C5H10O5,
M-H-[-H2O],131.035,0.77,D-LYXOSE-H2O,C5H10O5,
M-H,149.0455,0.77,D-RIBOSE,C5H10O5,
M+Cl,185.0222,0.77,D-RIBOSE+Cl,C5H10O5,
M+FA-H,195.051,0.77,D-RIBOSE+FA,C5H10O5,
M-H-[-H2O],131.035,0.77,D-RIBOSE-H2O,C5H10O5,
M-H,209.0303,0.77,D-SACCHARIC ACID,C6H10O8,
M+Na-2H,231.0122,0.77,D-SACCHARIC ACID+Na,C6H10O8,
M-H-[-H2O],191.0197,0.77,D-SACCHARIC ACID-H2O,C6H10O8,
,181.0718,0.77,HEXOSE ALCOHOL,C6H14O6,
M-H,341.1089,0.77,MELIBIOSE,C12H22O11,
M+FA-H,387.1144,0.77,MELIBIOSE+FA,C12H22O11,
M-H,220.0827,0.77,N-ACETYL-D-GALACTOSAMINE,C8H15NO6,
M+Cl,256.0593,0.77,N-ACETYL-D-GALACTOSAMINE+Cl,C8H15NO6,
M+FA-H,266.0881,0.77,N-ACETYL-D-GALACTOSAMINE+FA,C8H15NO6,
M-H,167.0826,0.77,PYRIDOXAMINE,C8H12N2O2,
M+Cl,203.0593,0.77,PYRIDOXAMINE+Cl,C8H12N2O2,
M+FA-H,213.0881,0.77,PYRIDOXAMINE+FA,C8H12N2O2,
M+Cl,292.0722,0.77,SN-GLYCERO-3-PHOSPHOCHOLINE+Cl,C8H20NO6P,
M+FA-H,302.101,0.77,SN-GLYCERO-3-PHOSPHOCHOLINE+FA,C8H20NO6P,
M-H,341.1089,0.77,SUCROSE,C12H22O11,
M+FA-H,387.1144,0.77,SUCROSE+FA,C12H22O11,
,118.051,0.77,THREONINE/HOMOSERINE,C4H9NO3,
M-H,179.0561,0.78,C6H12O6-HEXOSE/KETOSE/INOSITOL,C6H12O6,
M-H,174.0884,0.78,CITRULLINE,C6H13N3O3,
M+Cl,210.0651,0.78,CITRULLINE+Cl,C6H13N3O3,
,193.0354,0.78,D-GLUCURONIC ACID/D-GLUCURONOLACTONE/D-(+)-GALACTURONIC ACID,C6H10O7,
M-H,116.0466,0.78,GUANIDINOACETATE,C3H7N3O2,
M+Cl,152.0232,0.78,GUANIDINOACETATE+Cl,C3H7N3O2,
,257.0063,0.78,HEXOSE-PHOSPHATE,C6H13O9P,
M-H,220.0827,0.78,N-ACETYL-D-MANNOSAMINE,C8H15NO6,
M+Cl,256.0593,0.78,N-ACETYL-D-MANNOSAMINE+Cl,C8H15NO6,
M+FA-H,266.0881,0.78,N-ACETYL-D-MANNOSAMINE+FA,C8H15NO6,
M-H-[-H2O],202.0721,0.78,N-ACETYL-D-MANNOSAMINE-H2O,C8H15NO6,
,218.0354,0.78,PHOSPHOCHOLINE,C5H14NO4P,
,149.0455,0.79,ALDOPENTOSE,C5H10O5,
,229.0119,0.79,D-RIBOSE 5-PHOSPHATE/RIBULOSE 5-PHOSPHATE,C5H11O8P,
M-H,341.1089,0.79,D-TREHALOSE,C12H22O11,
M+Cl,377.0856,0.79,D-TREHALOSE+Cl,C12H22O11,
M+FA-H,387.1144,0.79,D-TREHALOSE+FA,C12H22O11,
M-H,149.0092,0.79,MESO-TARTARIC ACID,C4H6O6,
M+Na-2H,170.9911,0.79,MESO-TARTARIC ACID+Na,C4H6O6,
,109.0062,0.79,PROPIONATE,C3H6O2,
,215.0328,0.8,GLUCOSE/FRUCTOSE +Cl,C6H12O6,
,199.9688,0.8,L-CYSTEINE-S-SULFATE,C3H7NO5S2,
,220.0827,0.8,N-ACETYL-HEXOSAMINE,C8H15NO6,
,72.9931,0.81,GLYOXYLIC ACID,C2H2O3,
M-H,308.0987,0.81,N-ACETYLNEURAMINATE,C11H19NO9,
M+Cl,344.0754,0.81,N-ACETYLNEURAMINATE+Cl,C11H19NO9,
M-H-[-H2O],290.0881,0.81,N-ACETYLNEURAMINATE-H2O,C11H19NO9,
M-H,210.0285,0.81,PHOSPHOCREATINE,C4H10N3O5P,
M+Na-2H,232.0105,0.81,PHOSPHOCREATINE+Na,C4H10N3O5P,
M-H-[-H2O],192.018,0.81,PHOSPHOCREATINE-H2O,C4H10N3O5P,
M+Cl,199.0379,0.82,2-DEOXY-D-GLUCOSE+Cl,C6H12O5,
M+FA-H,209.0667,0.82,2-DEOXY-D-GLUCOSE+FA,C6H12O5,
M-H,157.0367,0.82,ALLANTOIN,C4H6N4O3,
M+Cl,193.0134,0.82,ALLANTOIN+Cl,C4H6N4O3,
M+Cl,152.0484,0.82,BETAINE+Cl,C5H11NO2,
M+FA-H,162.0772,0.82,BETAINE+FA,C5H11NO2,
M-H,341.1089,0.82,C12H22O11-DISACCHARIDE-(6C/6C; GLC-GLC/GLC-FRC/GAL-GLC),C12H22O11,
M-H,341.1089,0.82,D-CELLOBIOSE,C12H22O11,
M+Cl,377.0856,0.82,D-CELLOBIOSE+Cl,C12H22O11,
M+FA-H,387.1144,0.82,D-CELLOBIOSE+FA,C12H22O11,
M-H-[-H2O],323.0984,0.82,D-CELLOBIOSE-H2O,C12H22O11,
,171.0064,0.82,GLYCEROL 2-PHOSPHATE/SN-GLYCEROL 3-PHOSPHATE,C3H9O6P,
M+FA-H,149.0092,0.82,HYDROXYPYRUVATE+FA,C3H4O4,
M+FA-H,162.0772,0.82,L-NORVALINE+FA,C5H11NO2,
M-H,220.0827,0.82,N-ACETYL-D-GALACTOSAMINE,C8H15NO6,
M+Cl,256.0593,0.82,N-ACETYL-D-GALACTOSAMINE+Cl,C8H15NO6,
M+FA-H,266.0881,0.82,N-ACETYL-D-GALACTOSAMINE+FA,C8H15NO6,
M-H-[-H2O],202.0721,0.82,N-ACETYL-D-GALACTOSAMINE-H2O,C8H15NO6,
M-H,220.0827,0.82,N-ACETYL-D-GLUCOSAMINE,C8H15NO6,
M+Cl,256.0593,0.82,N-ACETYL-D-GLUCOSAMINE+Cl,C8H15NO6,
M+FA-H,266.0881,0.82,N-ACETYL-D-GLUCOSAMINE+FA,C8H15NO6,
M-H-[-H2O],202.0721,0.82,N-ACETYL-D-GLUCOSAMINE-H2O,C8H15NO6,
M+Na-2H,182.0435,0.82,N-METHYL-L-GLUTAMATE,C6H11NO4,
M-H,160.0615,0.82,N-METHYL-L-GLUTAMATE,C6H11NO4,
M-H-[-H2O],142.051,0.82,N-METHYL-L-GLUTAMATE-H2O,C6H11NO4,
M-H,341.1089,0.82,PALATINOSE,C12H22O11,
M+Cl,377.0856,0.82,PALATINOSE+Cl,C12H22O11,
M+FA-H,387.1144,0.82,PALATINOSE+FA,C12H22O11,
M-H-[-H2O],323.0984,0.82,PALATINOSE-H2O,C12H22O11,
,377.0856,0.83,DISACCHARIDE (6C/6C)/2-ALPHA-D-GLUCOSYL-D-GLUCOSE ,C12H22O11,
M-H,130.051,0.84,5-AMINOLEVULINIC ACID,C5H9NO3,
M-H,476.0485,0.84,CDP-GLYCEROL,C12H19N3O13P2,
M+Na-2H,232.0105,0.84,CREATINE PHOSPHATE+Na,C4H10N3O5P,
M-H,163.0612,0.84,L-RHAMNOSE,C6H12O5,
M+Cl,199.0379,0.84,L-RHAMNOSE+Cl,C6H12O5,
M+FA-H,209.0667,0.84,L-RHAMNOSE+FA,C6H12O5,
M-H,166.051,0.85,4-HYDROXY-L-PHENYLGLYCINE,C8H9NO3,
M-H,105.0193,0.85,D-GLYCERIC ACID,C3H6O4,
M-H,168.9907,0.85,DIHYDROXYACETONE PHOSPHATE,C3H7O6P,
M-H,105.0193,0.85,GLYCERATE,C3H6O4,
M+Na-2H,127.0013,0.85,GLYCERATE+Na,C3H6O4,
M-H,220.0827,0.85,N-ACETYL-D-MANNOSAMINE,C8H15NO6,
M+Cl,256.0593,0.85,N-ACETYL-D-MANNOSAMINE+Cl,C8H15NO6,
M+FA-H,266.0881,0.85,N-ACETYL-D-MANNOSAMINE+FA,C8H15NO6,
M-H-[-H2O],202.0721,0.85,N-ACETYL-D-MANNOSAMINE-H2O,C8H15NO6,
M-H,174.052,0.85,N-AMIDINO-L-ASPARTATE,C5H9N3O4,
M+Na-2H,196.034,0.85,N-AMIDINO-L-ASPARTATE+Na,C5H9N3O4,
M-H-[-H2O],156.0415,0.85,N-AMIDINO-L-ASPARTATE-H2O,C5H9N3O4,
M-H,146.0459,0.85,O-ACETYL-L-SERINE,C5H9NO4,
M-H,191.0561,0.85,QUINATE,C7H12O6,
M-H,149.0092,0.85,TARTARIC ACID,C4H6O6,
M+K-2H,186.965,0.85,TARTARIC ACID+K,C4H6O6,
M+Na-2H,170.9911,0.85,TARTARIC ACID+Na,C4H6O6,
M-H,110.036,0.86,CYTOSINE,C4H5N3O,
M+FA-H,156.0415,0.86,CYTOSINE+FA,C4H5N3O,
M-H,423.0299,0.86,THIAMINE PYROPHOSPHATE,C12H18N4O7P2S,
M+FA-H,469.0353,0.86,THIAMINE PYROPHOSPHATE+FA,C12H18N4O7P2S,
M+Na-2H,445.0118,0.86,THIAMINE PYROPHOSPHATE+Na,C12H18N4O7P2S,
M-H,184.9857,0.87,D-3-PHOSPHOGLYCERIC ACID,C3H7O7P,
M+Na-2H,206.9676,0.87,D-3-PHOSPHOGLYCERIC ACID+Na,C3H7O7P,
M-H-[-H2O],166.9751,0.87,D-3-PHOSPHOGLYCERIC ACID-H2O,C3H7O7P,
,393.134,0.87,D-SUCROSE-13C6,*C6C6H22O11,
M-H,166.9751,0.87,PHOSPHOENOLPYRUVIC ACID,C3H5O6P,
M-H,75.0022,0.87,THIOUREA,CH4N2S,
M+FA-H,121.0077,0.87,THIOUREA+FA,CH4N2S,
,347.1286,0.88,D-SUCROSE-13C6,13C6C6H22O11,
M-H,75.0088,0.88,GLYCOLATE,C2H4O3,
M-H,178.018,0.88,S-CARBOXYMETHYL-L-CYSTEINE,C5H9NO4S,
M+Na-2H,199.9999,0.88,S-CARBOXYMETHYL-L-CYSTEINE+Na,C5H9NO4S,
M+e,137.072,0.89,1-METHYLNICOTINAMIDE,C7H9N2O,
M-H,163.0612,0.89,6-DEOXY-L-GALACTOSE,C6H12O5,
M+Cl,199.0379,0.89,6-DEOXY-L-GALACTOSE+Cl,C6H12O5,
M+FA-H,209.0667,0.89,6-DEOXY-L-GALACTOSE+FA,C6H12O5,
M-H-[-H2O],145.0506,0.89,6-DEOXY-L-GALACTOSE-H2O,C6H12O5,
,160.0616,0.89,L-2-AMINOADIPIC ACID,C6H11NO4,
M-H,341.1089,0.89,MALTOSE,C12H22O11,
M+Cl,377.0856,0.89,MALTOSE+Cl,C12H22O11,
M+FA-H,387.1144,0.89,MALTOSE+FA,C12H22O11,
M-H,341.1089,0.89,MELIBIOSE,C12H22O11,
M+Cl,377.0856,0.89,MELIBIOSE+Cl,C12H22O11,
M+FA-H,387.1144,0.89,MELIBIOSE+FA,C12H22O11,
,341.1088,0.89,TREHALOSE/SUCROSE,C12H22O11,
M-H,160.0615,0.9,ALPHA-AMINOADIPATE,C6H11NO4,
M+Na-2H,182.0435,0.9,ALPHA-AMINOADIPATE+Na,C6H11NO4,
M-H-[-H2O],142.051,0.9,ALPHA-AMINOADIPATE-H2O,C6H11NO4,
M-H,130.0622,0.9,CREATINE,C4H9N3O2,
M+Cl,166.0389,0.9,CREATINE+Cl,C4H9N3O2,
M+Na-2H,152.0441,0.9,CREATINE+Na,C4H9N3O2,
M-H-[-H2O],112.0516,0.9,CREATINE-H2O,C4H9N3O2,
M-H,112.0516,0.9,CREATININE,C4H7N3O,
,163.0612,0.9,D-FUCOSE,C6H12NO5,
M-H,258.0384,0.9,D-GLUCOSAMINE 6-PHOSPHATE,C6H14NO8P,
,184.9857,0.9,L-2-PHOSPHOGLYCERIC ACID,C3H7O7P,
,163.0612,0.9,L-FUCOSE,C6H12NO6,
,114.0555,0.9,PROLINE,C5H9NO2,
,402.9944,0.9,UDP,C9H14N2O12P2,
M+FA-H,115.0037,0.91,PROPYNOATE,C3H2O2,
M-H,487.1001,0.92,CYTIDINE 5'-DIPHOSPHOCHOLINE,C14H26N4O11P2,
M+Cl,523.0767,0.92,CYTIDINE 5'-DIPHOSPHOCHOLINE+Cl,C14H26N4O11P2,
M+FA-H,533.1055,0.92,CYTIDINE 5'-DIPHOSPHOCHOLINE+FA,C14H26N4O11P2,
M-H,665.2146,0.92,STACHYOSE,C24H42O21,
M+Cl,701.1913,0.92,STACHYOSE+Cl,C24H42O21,
M+FA-H,711.2201,0.92,STACHYOSE+FA,C24H42O21,
,149.0092,0.92,TARTARIC ACID,C4H6O6,
M-H,193.0718,0.93,METHYL BETA-D-GALACTOSIDE,C7H14O6,
M+Cl,229.0484,0.93,METHYL BETA-D-GALACTOSIDE+Cl,C7H14O6,
M+FA-H,239.0772,0.93,METHYL BETA-D-GALACTOSIDE+FA,C7H14O6,
M-H,343.0635,0.93,THIAMINE MONOPHOSPHATE,C12H17N4O4PS,
M+Cl,379.0402,0.93,THIAMINE MONOPHOSPHATE+Cl,C12H17N4O4PS,
M+FA-H,389.069,0.93,THIAMINE MONOPHOSPHATE+FA,C12H17N4O4PS,
M+Na-2H,365.0455,0.93,THIAMINE MONOPHOSPHATE+Na,C12H17N4O4PS,
,133.0805,0.95,CREATINE-D3,C4H6D3N3O2,
M+Cl,196.0746,0.95,L-CARNITINE+Cl,C7H15NO3,
M+FA-H,206.1034,0.95,L-CARNITINE+FA,C7H15NO3,
M+Cl,172.0171,0.95,TRIGONELLINE+Cl,C7H7NO2,
M+FA-H,182.0459,0.95,TRIGONELLINE+FA,C7H7NO2,
,134.0281,0.96,HOMOCYSTEINE,C4H9NO2S,
M-H,125.0357,0.97,4-IMIDAZOLEACETIC ACID,C5H6N2O2,
M+Na-2H,147.0176,0.97,4-IMIDAZOLEACETIC ACID+Na,C5H6N2O2,
M-H,503.1618,0.97,D-RAFFINOSE,C18H32O16,
M+Cl,539.1384,0.97,D-RAFFINOSE+Cl,C18H32O16,
M+FA-H,549.1672,0.97,D-RAFFINOSE+FA,C18H32O16,
M-H,175.0243,0.98,ASCORBIC ACID,C6H8O6,
,173.0086,0.98,ASCORBIC ACID-2H,C6H8O6,
,130.9981,0.98,OXALOACETATE,C4H4O5,
,133.0137,0.98,OXALOACETATE+2H-H,C4H4O5,
M-H,163.0612,1,2-DEOXY-D-GALACTOSE (FRUCTOSE/GLUCOSE),C6H12O5,
,426.0216,1,ADP,C10H15N5O10P2,
,291.0828,1,EDTA,,
M-H,102.0197,1,N-FORMYLGLYCINE,C3H5NO3,
M+Na-2H,124.0016,1,N-FORMYLGLYCINE+Na,C3H5NO3,
M-H,402.0109,1.02,CYTIDINE 5'-DIPHOSPHATE,C9H15N3O11P2,
,168.0666,1.03,NORADRENALINE,C8H11NO3,
M-H,267.0479,1.04,HOMOCYSTINE,C8H16N2O4S2,
M+Na-2H,289.0298,1.04,HOMOCYSTINE+Na,C8H16N2O4S2,
M-H,187.1088,1.06,NALPHA-ACETYL-L-LYSINE,C8H16N2O3,
M+Cl,223.0855,1.06,NALPHA-ACETYL-L-LYSINE+Cl,C8H16N2O3,
M+Na-2H,135.0176,1.08,"5,6-DIHYDROURACIL+Na",C4H6N2O2,
M-H,133.0142,1.08,MALATE,C4H6O5,
M+Na-2H,154.9962,1.08,MALATE+Na,C4H6O5,
M-H-[-H2O],115.0037,1.08,MALATE-H2O,C4H6O5,
M-H,173.0455,1.09,SHIKIMATE,C7H10O5,
M+Cl,209.0222,1.09,SHIKIMATE+Cl,C7H10O5,
M+FA-H,219.051,1.09,SHIKIMATE+FA,C7H10O5,
M-H-[-H2O],155.035,1.09,SHIKIMATE-H2O,C7H10O5,
M-H,565.0477,1.09,URIDINE 5'-DIPHOSPHOGALACTOSE,C15H24N2O17P2,
M+Na-2H,587.0297,1.09,URIDINE 5'-DIPHOSPHOGALACTOSE+Na,C15H24N2O17P2,
,133.0143,1.1,MALATE,C4H6O5,
M-H,146.0459,1.1,N-ACETYL-DL-SERINE,C5H9NO4,
M+Na-2H,168.0278,1.1,N-ACETYL-DL-SERINE+Na,C5H9NO4,
,379.0537,1.1,NICOTINAMIDE RIBOTIDE,C11H15N2O8P,
M-H,175.06,1.11,3-ISOPROPYLMALATE,C7H12O5,
,322.0446,1.11,CMP,C9H14N3O8P,
M-H,304.034,1.11,"CYTIDINE 2',3'-CYCLIC MONO-PHOS-PHATE",C9H12N3O7P,
M+FA-H,350.0395,1.11,"CYTIDINE 2',3'-CYCLIC MONO-PHOS-PHATE+FA",C9H12N3O7P,
M-H,116.0717,1.11,L-VALINE,C5H11NO2,
M+e,334.0572,1.11,NICOTINAMIDE MONONUCLEOTIDE,C11H15N2O8P,
M+FA-H,379.0548,1.11,NICOTINAMIDE MONONUCLEOTIDE+FA,C11H15N2O8P,
M-H,565.0477,1.11,URIDINE 5'-DIPHOSPHOGLUCOSE,C15H24N2O17P2,
M+Na-2H,587.0297,1.11,URIDINE 5'-DIPHOSPHOGLUCOSE+Na,C15H24N2O17P2,
M+Na-2H,213.0017,1.13,ISOCITRIC ACID,C6H8O7,
M-H,191.0197,1.13,ISOCITRIC ACID,C6H8O7,
M+Cl,167.0117,1.16,GLUTARIC ACID+Cl,C5H8O4,
M+FA-H,177.0405,1.16,GLUTARIC ACID+FA,C5H8O4,
M+FA-H,170.0571,1.17,5-METHYLCYTOSINE HYDROCLORIDE+FA,C5H7N3O,
M-H,588.075,1.17,ADENOSINE-5'-DIPHOSPHOGLUCOSE,C16H25N5O15P2,
M+Na-2H,610.0569,1.17,ADENOSINE-5'-DIPHOSPHOGLUCOSE+Na,C16H25N5O15P2,
M+Na-2H,124.9856,1.18,MALONATE+Na,C3H4O4,
M-H,558.0644,1.19,ADENOSINE 5'-DIPHOSPHORIBOSE,C15H23N5O14P2,
M+Na-2H,580.0463,1.19,ADENOSINE 5'-DIPHOSPHORIBOSE+Na,C15H23N5O14P2,
,89.0244,1.19,LACTATE,C3H6O3,
,201.0381,1.19,LACTATE-DIMER,C3H6O3,
M-H,103.0037,1.19,MONO-ETHYL MALONATE,C3H4O4,
M+Na-2H,628.0562,1.19,URIDINE 5'-DIPHOSPHO-N-ACETYLGALACTOSAMINE,C17H27N3O17P2,
M-H,606.0743,1.19,URIDINE 5'-DIPHOSPHO-N-ACETYLGALACTOSAMINE,C17H27N3O17P2,
M-H,157.0255,1.22,(S)-DIHYDROOROTATE,C5H6N2O4,
M-H,173.0092,1.22,DEHYDRO-L-(+)-ASCORBIC ACID DIMER,C6H6O6,
M-H,116.0353,1.22,N-ACETYLGLYCINE ,C4H7NO3,
M+Na-2H,138.0173,1.22,N-ACETYLGLYCINE +Na,C4H7NO3,
M-H,155.0098,1.22,OROTATE,C5H4N2O4,
M+FA-H,201.0153,1.22,OROTATE+FA,C5H4N2O4,
M+Na-2H,176.9918,1.22,OROTATE+Na,C5H4N2O4,
M-H,155.0098,1.22,OROTIC ACID,C5H4N2O4,
M+FA-H,201.0153,1.22,OROTIC ACID+FA,C5H4N2O4,
M+Na-2H,176.9918,1.22,OROTIC ACID+Na,C5H4N2O4,
M-H,173.0092,1.23,DEHYDROASCORBATE,C6H6O6,
M-H,426.0221,1.25,"ADENOSINE 3',5'-DIPHOSPHATE",C10H15N5O10P2,
M+e,265.1129,1.26,THIAMINE,C12H17N4OS,
M-H,131.0462,1.27,3-UREIDOPROPIONATE,C4H8N2O3,
M+Cl,167.0229,1.27,3-UREIDOPROPIONATE+Cl,C4H8N2O3,
M+Na-2H,153.0282,1.27,3-UREIDOPROPIONATE+Na,C4H8N2O3,
M-H,323.0286,1.27,URIDINE-5-MONOPHOSPHATE,C9H13N2O9P,
M+Cl,180.0797,1.3,DEOXYCARNITINE,C7H15NO2,
M+FA-H,190.1085,1.3,DEOXYCARNITINE,C7H15NO2,
M-H,145.0142,1.31,ALPHA-KETOGLUTARIC ACID,C5H6O5,
,147.0294,1.31,ALPHA-KETOGLUTARIC ACID+2H,C5H6O5,
M+Na-2H,166.9962,1.31,ALPHA-KETOGLUTARIC ACID+Na,C5H6O5,
M-H,122.0248,1.32,PICOLINIC ACID,C6H5NO2,
M+FA-H,168.0302,1.32,PICOLINIC ACID+FA,C6H5NO2,
M-H,171.0299,1.37,3-DEHYDROSHIKIMATE,C7H8O5,
M+FA-H,217.0354,1.37,3-DEHYDROSHIKIMATE+FA,C7H8O5,
M+FA-H,168.0302,1.4,NICOTINATE,C6H5NO2,
M-H,122.0248,1.4,NICOTINATE,C6H5NO2,
M-H,141.0306,1.41,5-HYDROXYMETHYLURACIL,C5H6N2O3,
M-H-[-H2O],123.02,1.41,5-HYDROXYMETHYLURACIL-H2O,C5H6N2O3,
M-H,604.0699,1.42,GUANOSINE 5'-DIPHOSPHO-D-MANNOSE,C16H25N5O16P2,
M-H,148.0438,1.42,L-METHIONINE,C5H11NO2S,
M-H,111.02,1.43,URACIL,C4H4N2O2,
M+FA-H,157.0255,1.43,URACIL+FA,C4H4N2O2,
M-H,306.0497,1.44,2'-DEOXYCYTIDINE 5'-MONOPHOSPHATE,C9H14N3O7P,
M+FA-H,352.0551,1.44,2'-DEOXYCYTIDINE 5'-MONOPHOSPHATE+FA,C9H14N3O7P,
M-H,337.0555,1.48,5-AMINOIMIDAZOLE-4-CARBOXAMIDE-1-BETA-D-RIBOFURANOSYL 5'-MONOPHOSPHATE,C9H15N4O8P,
M+FA-H,383.061,1.48,5-AMINOIMIDAZOLE-4-CARBOXAMIDE-1-BETA-D-RIBOFURANOSYL 5'-MONOPHOSPHATE+FA,C9H15N4O8P,
,147.02935,1.5,2-HYDROXYGLUTARATE,C5H8O5,
M-H,174.0408,1.5,N-ACETYL-L-ASPARTIC ACID,C6H9NO5,
M+Na-2H,196.0227,1.5,N-ACETYL-L-ASPARTIC ACID+Na,C6H9NO5,
M-H-[-H2O],156.0302,1.5,N-ACETYL-L-ASPARTIC ACID-H2O,C6H9NO5,
M-H,134.0472,1.51,ADENINE,C5H5N5,
M+Cl,170.0239,1.51,ADENINE+Cl,C5H5N5,
M+FA-H,180.0527,1.51,ADENINE+FA,C5H5N5,
M-H,133.0506,1.52,"2,3-DIHYDROXYISOVALERATE",C5H10O4,
M-H,322.0446,1.54,3'-CMP,C9H14N3O8P,
M+FA-H,368.0501,1.54,3'-CMP+FA,C9H14N3O8P,
,150.0421,1.59,GUANINE,C5H5N5O,
M-H,604.0699,1.6,GUANOSINE 5'-DIPHOSPHOGLUCOSE,C16H25N5O16P2,
M+Na-2H,626.0518,1.6,GUANOSINE 5'-DIPHOSPHOGLUCOSE+Na,C16H25N5O16P2,
M-H,144.0779,1.61,4-GUANIDINOBUTANOATE,C5H11N3O2,
M+Cl,180.0545,1.61,4-GUANIDINOBUTANOATE+Cl,C5H11N3O2,
M+FA-H,190.0833,1.61,4-GUANIDINOBUTANOATE+FA,C5H11N3O2,
M-H,306.0765,1.61,GLUTATHIONE,C10H17N3O6S,
M+Na-2H,328.0585,1.61,GLUTATHIONE+Na,C10H17N3O6S,
M-H,166.0146,1.62,"PYRIDINE-2,3-DICARBOXYLATE",C7H5NO4,
M+FA-H,212.0201,1.62,"PYRIDINE-2,3-DICARBOXYLATE+FA",C7H5NO4,
M+Na-2H,187.9965,1.62,"PYRIDINE-2,3-DICARBOXYLATE+Na",C7H5NO4,
M-H,242.0782,1.63,CYTIDINE,C9H13N3O5,
M+Cl,278.0549,1.63,CYTIDINE+Cl,C9H13N3O5,
M+FA-H,288.0837,1.63,CYTIDINE+FA,C9H13N3O5,
M-H,121.0407,1.67,NICOTINAMIDE,C6H6N2O,
M+FA-H,167.0462,1.67,NICOTINAMIDE+FA,C6H6N2O,
M-H,108.0455,1.69,2-AMINOPHENOL,C6H7NO,
M-H,152.0353,1.69,3-AMINO-4-HYDROXYBENZOIC ACID,C7H7NO3,
M-H,182.0823,1.71,EPINEPHRINE,C9H13NO3,
M-H-[-H2O],164.0717,1.71,EPINEPHRINE-H2O,C9H13NO3,
M-H,115.0037,1.76,MALEIC ACID,C4H4O4,
M+FA-H,161.0092,1.76,MALEIC ACID+FA,C4H4O4,
,742.0696,1.79,NICOTINAMIDE ADENINE DINUCLEOTIDE PHOSPHATE (NADP),C21H29N7O17P3,
M-H,246.0173,1.81,PYRIDOXAL 5'-PHOSPHATE,C8H10NO6P,
M+FA-H,292.0228,1.81,PYRIDOXAL 5'-PHOSPHATE+FA,C8H10NO6P,
M+Na-2H,267.9992,1.81,PYRIDOXAL 5'-PHOSPHATE+Na,C8H10NO6P,
M-H,189.9942,1.83,SELENOMETHIONINE,C5H11NO2Se,
M-H,128.0353,1.85,5-OXO-D-PROLINE,C5H7NO3,
M+Na-2H,150.0173,1.85,5-OXO-D-PROLINE+Na,C5H7NO3,
M-H-[-H2O],128.0353,1.85,N-ACETYL-DL-SERINE-H2O,C5H9NO4,
,128.0353,1.87,4-OXOPROLINE,C5H7NO3,
M-H,218.067,1.87,O-SUCCINYL-L-HOMOSERINE,C8H13NO6,
M+Na-2H,240.049,1.87,O-SUCCINYL-L-HOMOSERINE+Na,C8H13NO6,
M-H-[-H2O],200.0564,1.87,O-SUCCINYL-L-HOMOSERINE-H2O,C8H13NO6,
M-H,288.1201,1.9,OPHTHALMIC ACID,C11H19N3O6,
M+Na-2H,310.1021,1.9,OPHTHALMIC ACID+Na,C11H19N3O6,
M-H,347.0398,1.91,INOSINE 5'-PHOSPHATE,C10H13N4O8P,
M+FA-H,393.0453,1.91,INOSINE 5'-PHOSPHATE+FA,C10H13N4O8P,
M+Na-2H,369.0218,1.91,INOSINE 5'-PHOSPHATE+Na,C10H13N4O8P,
M-H,166.051,1.92,PYRIDOXAL,C8H9NO3,
M+Cl,202.0276,1.92,PYRIDOXAL+Cl,C8H9NO3,
M+FA-H,212.0564,1.92,PYRIDOXAL+FA,C8H9NO3,
M-H,191.0197,1.93,CITRATE,C6H8O7,
M+Na-2H,213.0017,1.93,CITRATE+Na,C6H8O7,
M-H-[-H2O],173.0092,1.93,CITRATE-H2O,C6H8O7,
M-H,347.0398,1.93,INOSINE 5'-MONOPHOSPHATE,C10H13N4O8P,
M+Na-2H,369.0218,1.93,INOSINE 5'-MONOPHOSPHATE+Na,C10H13N4O8P,
,197.0393,1.94,CITRIC ACID-13C6,13C6H8O7,
M-H,137.0357,1.98,UROCANATE,C6H6N2O2,
M+Cl,173.0123,1.98,UROCANATE+Cl,C6H6N2O2,
M+FA-H,183.0411,1.98,UROCANATE+FA,C6H6N2O2,
M-H,152.0353,1.99,3-AMINO-5-HYDROXYBENZOIC ACID,C7H7NO3,
M-H,307.0337,2.06,2'-DEOXYURIDINE 5'-MONO-PHOS-PHATE,C9H13N2O8P,
M+FA-H,194.0683,2.09,3-METHYLADENINE+FA,C6H7N5,
M-H,115.0037,2.09,FUMARATE,C4H4O4,
M+FA-H,161.0092,2.09,FUMARATE+FA,C4H4O4,
M+Na-2H,136.9856,2.09,FUMARATE+Na,C4H4O4,
M-H,135.0312,2.09,HYPOXANTHINE,C5H4N4O,
M+Cl,171.0079,2.09,HYPOXANTHINE+Cl,C5H4N4O,
M+FA-H,181.0367,2.09,HYPOXANTHINE+FA,C5H4N4O,
,159.0651,2.09,PIMELIC ACID,C7H12O4,
M-H,226.0833,2.22,DEOXYCYTIDINE,C9H13N3O4,
M+Cl,262.06,2.22,DEOXYCYTIDINE+Cl,C9H13N3O4,
M+FA-H,272.0888,2.22,DEOXYCYTIDINE+FA,C9H13N3O4,
M-H,169.0506,2.25,"3,4-DIHYDROXYPHENYL GLYCOL",C8H10O4,
M+Cl,205.0273,2.25,"3,4-DIHYDROXYPHENYL GLYCOL+Cl",C8H10O4,
M-H-[-H2O],151.0401,2.25,"3,4-DIHYDROXYPHENYL GLYCOL-H2O",C8H10O4,
M-H,188.0564,2.25,N-ACETYL-DL-GLUTAMIC ACID,C7H11NO5,
M+Na-2H,210.0384,2.25,N-ACETYL-DL-GLUTAMIC ACID+Na,C7H11NO5,
M-H-[-H2O],170.0459,2.25,N-ACETYL-DL-GLUTAMIC ACID-H2O,C7H11NO5,
M-H,130.051,2.27,N-ACETYL-L-ALANINE,C5H9NO3,
M+Na-2H,152.0329,2.27,N-ACETYL-L-ALANINE+Na,C5H9NO3,
M-H,147.0299,2.28,CITRAMALATE,C5H8O5,
M+Na-2H,169.0118,2.28,CITRAMALATE+Na,C5H8O5,
M-H-[-H2O],129.0193,2.28,CITRAMALATE-H2O,C5H8O5,
,121.0439,2.28,"SUCCINIC-2,2,3,3-D4 ACID",C4H2D4O4,
M-H,103.0401,2.29,ALPHA-HYDROXYISOBUTYRIC ACID,C4H8O3,
M-H,196.0615,2.3,"3,4-DIHYDROXY-L-PHENYLALANINE",C9H11NO4,
M+Cl,232.0382,2.3,"3,4-DIHYDROXY-L-PHENYLALANINE+Cl",C9H11NO4,
M+Na-2H,218.0435,2.3,"3,4-DIHYDROXY-L-PHENYLALANINE+Na",C9H11NO4,
M-H,130.0874,2.3,L-ISOLEUCINE,C6H13NO2,
,76.039,2.31,PROPIONIC ACID-13C3,*CH3*CH2*COOH,
M-H,117.0193,2.32,SUCCINATE,C4H6O4,
M+Na-2H,139.0013,2.32,SUCCINATE+Na,C4H6O4,
M-H-[-H2O],99.0088,2.32,SUCCINATE-H2O,C4H6O4,
M-H,103.0401,2.35,2-HYDROXYBUTYRIC ACID,C4H8O3,
,121.0322,2.37,SUCCINIC ACID-13C4,13C4H6O4,
M-H,155.0098,2.39,"2,4-DIHYDROXYPYRIMIDINE-5-CARBOXYLIC ACID",C5H4N2O4,
M+FA-H,201.0153,2.39,"2,4-DIHYDROXYPYRIMIDINE-5-CARBOXYLIC ACID+FA",C5H4N2O4,
M+Na-2H,176.9918,2.39,"2,4-DIHYDROXYPYRIMIDINE-5-CARBOXYLIC ACID+Na",C5H4N2O4,
M-H,147.0663,2.41,MEVALOLACTONE,C6H12O4,
M-H,151.0261,2.56,XANTHINE,C5H4N4O2,
M+Na-2H,123.0064,2.58,2-OXOBUTANOATE+Na,C4H6O3,
M+Na-2H,139.0013,2.58,METHYLMALONATE+Na,C4H6O4,
M-H,130.0874,2.6,L-LEUCINE,C6H13NO2,
,136.1069,2.6,L-LEUCINE-13C6,(*CH3)2*CH*CH2*CH(NH2)*COOH,
,140.1496,2.6,L-LEUCINE-D10,C6H3D10NO2,
M+FA-H,376.0664,2.67,DAMP,C10H14N5O6P,
M-H,330.0609,2.67,DAMP,C10H14N5O6P,
M-H,119.0363,2.72,PURINE,C5H4N4,
M+FA-H,165.0418,2.72,PURINE+FA,C5H4N4,
M-H,168.0666,2.83,PYRIDOXINE,C8H11NO3,
M+Cl,204.0433,2.83,PYRIDOXINE+Cl,C8H11NO3,
M+FA-H,214.0721,2.83,PYRIDOXINE+FA,C8H11NO3,
M-H-[-H2O],150.0561,2.83,PYRIDOXINE-H2O,C8H11NO3,
M-H,152.0717,2.85,DOPAMINE,C8H11NO2,
M-H,243.0623,2.89,URIDINE,C9H12N2O6,
M+Cl,279.0389,2.89,URIDINE+Cl,C9H12N2O6,
M+FA-H,289.0677,2.89,URIDINE+FA,C9H12N2O6,
,303.0841,2.9,N-ACETYLASPARTYLGLUTAMIC ACID,C11H16N2O8,
M-H,161.0455,3.02,3-HYDROXY-3-METHYLGLUTARATE,C6H10O5,
M+Na-2H,183.0275,3.02,3-HYDROXY-3-METHYLGLUTARATE+Na,C6H10O5,
M-H,540.0552,3.2,CYCLIC ADP-RIBOSE,C15H21N5O13P2,
,662.1004,3.2,NICOTINAMIDE ADENINE DINUCLEOTIDE (NAD),C21H27N7O14P2,
M-H,223.0724,3.21,3-HYDROXYKYNURENINE,C10H12N2O4,
M+FA-H,269.0779,3.21,3-HYDROXYKYNURENINE+FA,C10H12N2O4,
M-H,162.023,3.21,N-ACETYL-L-CYSTEINE,C5H9NO3S,
M-H,303.08295,3.25,N-ACETYL-L-ASPARTYLGLUTAMATE,,
M-H-H20,285.0724,3.25,N-ACETYL-L-ASPARTYLGLUTAMATE-H2O,,
M-H,173.0092,3.25,TRANS-ACONITATE,C6H6O6,
M+FA-H,219.0146,3.25,TRANS-ACONITATE+FA,C6H6O6,
M+Na-2H,194.9911,3.25,TRANS-ACONITATE+Na,C6H6O6,
,186.0862,3.27,L-TYROSINE-13C6,HO*C6H4CH2CH(NH2)COOH,
M-H,162.0421,3.33,PTERIN,C6H5N5O,
M-H,125.0357,3.35,THYMINE,C5H6N2O2,
,249.0563,3.37,GAMMA GLUTAMYLCYSTINE,C8H14N2O5S,
M-H,180.0666,3.38,L-TYROSINE,C9H11NO3,
M-H,321.0493,3.41,THYMIDINE 5'-MONOPHOSPHATE,C10H15N2O8P,
M-H,172.0404,3.48,4-QUINOLINECARBOXYLIC ACID,C10H7NO2,
M+e,663.1097,3.52,NAD+e,C21H27N7O14P2,
M+FA-H,708.1073,3.52,NAD+FA,C21H27N7O14P2,
M-H,144.0666,3.57,4-ACETAMIDOBUTANOATE,C6H11NO3,
M+Cl,180.0433,3.57,4-ACETAMIDOBUTANOATE+Cl,C6H11NO3,
M-H-[-H2O],126.0561,3.57,4-ACETAMIDOBUTANOATE-H2O,C6H11NO3,
M-H,328.0452,3.58,"ADENOSINE 2',3'-CYCLIC MONOPHOSPHATE",C10H12N5O6P,
M-H,129.0193,3.61,2-METHYLMALEATE,C5H6O4,
M+FA-H,175.0248,3.61,2-METHYLMALEATE+FA,C5H6O4,
M+Na-2H,151.0013,3.61,2-METHYLMALEATE+Na,C5H6O4,
M+FA-H,209.0316,3.68,"2,4-DIHYDROXYPTERIDINE",C6H4N4O2,
M-H,163.0261,3.68,"2,4-DIHYDROXYPTERIDINE",C6H4N4O2,
M-H,663.0859,3.8,NICOTINAMIDE HYPOXANTHINE DINUCLEOTIDE,C21H26N6O15P2,
M+e,664.0937,3.8,NICOTINAMIDE HYPOXANTHINE DINUCLEOTIDE+e,C21H26N6O15P2,
M+FA-H,709.0913,3.8,NICOTINAMIDE HYPOXANTHINE DINUCLEOTIDE+FA,C21H26N6O15P2,
M+Na-2H,685.0678,3.8,NICOTINAMIDE HYPOXANTHINE DINUCLEOTIDE+Na,C21H26N6O15P2,
M-H,138.0197,4.21,6-HYDROXYNICOTINATE,C6H5NO3,
M+FA-H,184.0251,4.21,6-HYDROXYNICOTINATE+FA,C6H5NO3,
M+Na-2H,160.0016,4.21,6-HYDROXYNICOTINATE+Na,C6H5NO3,
M+FA-H,248.114,4.55,ACETYL-DL-CARNITINE+FA,C9H17NO4,
,317.0568,4.55,MELANIN,C18H10N2O4,
M-H,227.0673,4.57,DEOXYURIDINE,C9H12N2O5,
M+Cl,263.044,4.57,DEOXYURIDINE+Cl,C9H12N2O5,
M+FA-H,273.0728,4.57,DEOXYURIDINE+FA,C9H12N2O5,
M-H,193.0613,4.59,4-AMINOHIPPURIC ACID,NH2C6H4C(O)NHCH2COOH,
M-H,243.0639,4.7,GLYCERALDEHYDE 3-PHOSPHATE DIETHYL ACETAL,C7H17O7P,
M-H,131.035,4.77,GLUTARATE,C5H8O4,
M+Na-2H,153.0169,4.77,GLUTARATE+Na,C5H8O4,
M-H,178.0874,4.82,"1-METHYL-6,7-DIHYDROXY-1,2,3,4-TETRAHYDROISOQUINOLINE",C10H13NO2,
M-H,383.1143,4.86,S-(5'-ADENOSYL)-L-HOMOCYSTEINE,C14H20N6O5S,
M-H,197.0455,5.29,3-METHOXY-4-HYDROXYMANDELATE,C9H10O5,
M-H,182.0459,5.66,4-PYRIDOXATE,C8H9NO4,
M+FA-H,228.0514,5.66,4-PYRIDOXATE+FA,C8H9NO4,
M-H,266.0895,5.75,ADENOSINE,C10H13N5O4,
M+Cl,302.0662,5.75,ADENOSINE+Cl,C10H13N5O4,
M+FA-H,312.095,5.75,ADENOSINE+FA,C10H13N5O4,
M-H,129.0193,5.88,2-METHYLMALEATE,C5H6O4,
M+FA-H,175.0248,5.88,2-METHYLMALEATE+FA,C5H6O4,
M+Na-2H,151.0013,5.88,2-METHYLMALEATE+Na,C5H6O4,
M-H,129.0193,5.88,ITACONATE,C5H6O4,
M+FA-H,175.0248,5.88,ITACONATE+FA,C5H6O4,
M+Na-2H,151.0013,5.88,ITACONATE+Na,C5H6O4,
M-H,131.035,5.97,ETHYLMALONIC ACID,C5H8O4,
M+Na-2H,153.0169,5.97,ETHYLMALONIC ACID+Na,C5H8O4,
M+Cl,286.0712,6.01,2'-DEOXYADENOSINE+Cl,C10H13N5O3,
M+FA-H,296.1,6.01,2'-DEOXYADENOSINE+FA,C10H13N5O3,
M-H,267.0735,6.04,INOSINE,C10H12N4O5,
M+Cl,303.0502,6.04,INOSINE+Cl,C10H12N4O5,
M+FA-H,313.079,6.04,INOSINE+FA,C10H12N4O5,
M-H,260.114,6.05,SUCCINYLCARNITINE,C11H19NO6,
,563.0685,6.05,THYMIDINE-5'-DIPHOSPHO-ALPHA-D-GLUCOSE,C16H26N2O16P2,
M-H,328.0452,6.11,"3',5'-CYCLIC AMP",C10H12N5O6P,
M+FA-H,374.0507,6.11,"3',5'-CYCLIC AMP+FA",C10H12N5O6P,
M-H,328.0452,6.11,"ADENOSINE 3',5'-CYCLIC MONOPHOSPHATE",C10H12N5O6P,
M+FA-H,374.0507,6.11,"ADENOSINE 3',5'-CYCLIC MONOPHOSPHATE+FA",C10H12N5O6P,
,170.0913,6.12,L-PHENYLALANINE-13C6,*C6H5CH2CH(NH2)COOH,
M-H,361.163,6.12,THYROTROPIN RELEASING HORMONE,C16H22N6O4,
M+Cl,397.1397,6.12,THYROTROPIN RELEASING HORMONE+Cl,C16H22N6O4,
M+FA-H,407.1685,6.12,THYROTROPIN RELEASING HORMONE+FA,C16H22N6O4,
,207.0775,6.15,KYNURENINE,C10H12N2O3,
M-H,164.0717,6.15,L-PHENYLALANINE,C9H11NO2,
M+FA-H,227.0561,6.16,3-(4-HYDROXYPHENYL)LACTATE+FA,C9H10O4,
M-H,282.0844,6.16,GUANOSINE,C10H13N5O5,
M+Cl,318.0611,6.16,GUANOSINE+Cl,C10H13N5O5,
M+FA-H,328.0899,6.16,GUANOSINE+FA,C10H13N5O5,
M-H,344.0402,6.27,"GUANOSINE 3',5'-CYCLIC MONOPHOSPHATE",C10H12N5O7P,
M+FA-H,390.0456,6.27,"GUANOSINE 3',5'-CYCLIC MONOPHOSPHATE+FA",C10H12N5O7P,
M+Na-2H,366.0221,6.27,"GUANOSINE 3',5'-CYCLIC MONOPHOSPHATE+Na",C10H12N5O7P,
M-H,210.0772,6.3,3-METHOXY-L-TYROSINE,C10H13NO4,
M+Cl,246.0539,6.3,3-METHOXY-L-TYROSINE+Cl,C10H13NO4,
M+FA-H,256.0827,6.3,3-METHOXY-L-TYROSINE+FA,C10H13NO4,
M-H,266.0895,6.33,2'-DEOXYGUANOSINE,C10H13N5O4,
M+Cl,302.0662,6.33,2'-DEOXYGUANOSINE+Cl,C10H13N5O4,
M+FA-H,312.095,6.33,2'-DEOXYGUANOSINE+FA,C10H13N5O4,
M-H,159.0299,6.37,2-OXOADIPATE,C6H8O5,
M+FA-H,205.0354,6.37,2-OXOADIPATE+FA,C6H8O5,
,176.0387,6.45,FORMYL-L-METHIONINE,C6H11NO3S,
M-H,283.0684,6.52,XANTHOSINE,C10H12N4O6,
M+FA-H,329.0739,6.52,XANTHOSINE+FA,C10H12N4O6,
M-H,218.1034,6.59,D-PANTOTHENIC ACID,C9H17NO5,
M+Cl,254.0801,6.59,D-PANTOTHENIC ACID+Cl,C9H17NO5,
M-H,274.1296,6.59,GLUTARYLCARNITINE,C12H21NO6,
M+Cl,310.1063,6.59,GLUTARYLCARNITINE+Cl,C12H21NO6,
M-H,241.083,6.59,THYMIDINE,C10H14N2O5,
M+Cl,277.0597,6.59,THYMIDINE+Cl,C10H14N2O5,
M+FA-H,287.0885,6.59,THYMIDINE+FA,C10H14N2O5,
M-H,188.9862,6.6,"3,4-DIHYDROXYBENZENESULFONIC ACID",C6H6O5S,
M-H,250.0946,6.6,5'-DEOXYADENOSINE,C10H13N5O3,
M+Cl,286.0712,6.6,5'-DEOXYADENOSINE+Cl,C10H13N5O3,
M+FA-H,296.1,6.6,5'-DEOXYADENOSINE+FA,C10H13N5O3,
,164.0717,6.6,PHENYLALANINE,C9H11NO2,
,218.1034,6.61,PANTOTHENIC ACID,C9H17NO5,
M-H,149.0278,6.64,2-HYDROXY-4-(METHYLTHIO)BUTYRIC ACID,C5H10O3S,
M-H,216.1241,6.64,PROPIONYL-L-CARNITINE,C10H19NO4,
M+FA-H,262.1296,6.64,PROPIONYL-L-CARNITINE+FA,C10H19NO4,
M-H,152.0353,6.65,3-HYDROXYANTHRANILATE,C7H7NO3,
M+FA-H,262.1296,6.65,PROPANOYLCARNITINE+FA,C10H19NO4,
M-H,280.1051,6.68,1-METHYLADENOSINE,C11H15N5O4,
M+Cl,316.0818,6.68,1-METHYLADENOSINE+Cl,C11H15N5O4,
M+FA-H,326.1106,6.68,1-METHYLADENOSINE+FA,C11H15N5O4,
M-H,219.0775,6.69,5-HYDROXY-L-TRYPTOPHAN,C11H12N2O3,
M+Cl,255.0542,6.69,5-HYDROXY-L-TRYPTOPHAN+Cl,C11H12N2O3,
M+FA-H,265.083,6.69,5-HYDROXY-L-TRYPTOPHAN+FA,C11H12N2O3,
M-H,129.0557,6.75,3-METHYL-2-OXOVALERIC ACID,C6H10O3,
M-H,123.0452,6.78,4-METHYLCATECHOL,C7H8O2,
M-H,167.035,6.78,HOMOGENTISATE,C8H8O4,
M-H,162.023,6.87,N-ACETYL-L-CYSTEINE,C5H9NO3S,
,176.0388,6.91,N-FORMYL-L-METHIONINE ,C6H11NO3S,
M-H,176.0387,6.94,FORMYL-L-METHIONYL PEPTIDE,C6H11NO3S,
,151.0401,6.95,4-HYDROXYPHENYLACETATE/MANDELIC ACID,C8H8O3,
M-H,225.0517,6.97,3-NITRO-L-TYROSINE,C9H10N2O5,
M+Cl,261.0284,6.97,3-NITRO-L-TYROSINE+Cl,C9H10N2O5,
M+FA-H,271.0572,6.97,3-NITRO-L-TYROSINE+FA,C9H10N2O5,
M+Na-2H,247.0336,6.97,3-NITRO-L-TYROSINE+Na,C9H10N2O5,
M-H,172.9902,7.01,4-HYDROXYBENZENESULFONIC ACID,C6H6O4S,
M-H,145.0506,7.06,ADIPIC ACID,C6H10O4,
M+Na-2H,167.0326,7.06,ADIPIC ACID+Na,C6H10O4,
M-H,145.0506,7.13,3-METHYGLUTARIC ACID,C6H10O4,
M+Na-2H,167.0326,7.13,3-METHYGLUTARIC ACID+Na,C6H10O4,
M-H,288.1453,7.17,ADIPOYL-L-CARNITINE,C13H23NO6,
M+Cl,324.1219,7.17,ADIPOYL-L-CARNITINE+Cl,C13H23NO6,
M+Na-2H,310.1272,7.17,ADIPOYL-L-CARNITINE+Na,C13H23NO6,
M-H,145.0506,7.19,2-METHYLGLUTARIC ACID,C6H10O4,
M+Na-2H,167.0326,7.19,2-METHYLGLUTARIC ACID+Na,C6H10O4,
M-H,145.0506,7.19,MONO-METHYL GLUTARATE,C6H10O4,
M+Na-2H,167.0326,7.19,MONO-METHYL GLUTARATE+Na,C6H10O4,
M-H,188.9854,7.21,CATECHOL SULFATE,C6H6O5S,
M-H,153.0193,7.28,"3,4-DIHYDROXYBENZOATE",C7H6O4,
M+Cl,188.996,7.28,"3,4-DIHYDROXYBENZOATE+Cl",C7H6O4,
M-H,109.0295,7.29,CATECHOL,C6H6O2,
M-H,190.0543,7.31,N-ACETYL-DL-METHIONINE,C7H13NO3S,
M+Cl,226.031,7.31,N-ACETYL-DL-METHIONINE+Cl,C7H13NO3S,
M-H,129.0557,7.38,4-METHYL-2-OXO-PENTANOIC ACID,C6H10O3,
M+FA-H,175.0612,7.38,4-METHYL-2-OXO-PENTANOIC ACID+FA,C6H10O3,
M-H,129.0557,7.39,4-METHYL-2-OXOVALERIC ACID,C6H10O3,
,305.0666,7.4,GALLOCATECHIN,C15H14O7,
,179.058,7.4,THEOPHYLLINE,C7H8N4O2,
,194.0451,7.42,2-HYDROXYHIPPURIC ACID,C9H9NO4,
M-H,230.1398,7.42,ISOBUTYRYL-L-CARNITINE,C11H21NO4,
M+Cl,266.1165,7.42,ISOBUTYRYL-L-CARNITINE+Cl,C11H21NO4,
M+FA-H,276.1453,7.42,ISOBUTYRYL-L-CARNITINE+FA,C11H21NO4,
M-H,296.0823,7.43,5'-METHYLTHIOADENOSINE,C11H15N5O3S,
M+Cl,332.059,7.43,5'-METHYLTHIOADENOSINE+Cl,C11H15N5O3S,
M+FA-H,342.0878,7.43,5'-METHYLTHIOADENOSINE+FA,C11H15N5O3S,
,216.0968,7.45,L-PHENYLALANINE-13C6,*C6H5CH2CH(NH2)COOH,
M-H,110.0248,7.48,PYRROLE-2-CARBOXYLATE,C5H5NO2,
M-H,151.0401,7.5,4-HYDROXYPHENYLACETATE,C8H8O3,
M-H,151.0401,7.5,MANDELIC ACID,C8H8O3,
M-H,230.1398,7.51,BUTANOYLCARNITINE,C11H21NO4,
M+Cl,266.1165,7.51,BUTANOYLCARNITINE+Cl,C11H21NO4,
M+FA-H,276.1453,7.51,BUTANOYLCARNITINE+FA,C11H21NO4,
M-H,181.0506,7.55,3-(4-HYDROXYPHENYL)LACTATE,C9H10O4,
M+Cl,217.0273,7.55,3-(4-HYDROXYPHENYL)LACTATE+Cl,C9H10O4,
M-H-[-H2O],163.0401,7.55,3-(4-HYDROXYPHENYL)LACTATE-H2O,C9H10O4,
M-H,135.0452,7.55,PHENYLACETIC ACID,C8H8O2,
M+FA-H,181.0506,7.55,PHENYLACETIC ACID+FA,C8H8O2,
M-H,167.035,7.57,"3,4-DIHYDROXYPHENYLACETATE",C8H8O4,
M+Cl,203.0117,7.57,"3,4-DIHYDROXYPHENYLACETATE+Cl",C8H8O4,
M+Na-2H,189.0169,7.57,"3,4-DIHYDROXYPHENYLACETATE+Na",C8H8O4,
M-H,167.035,7.57,METHYL VANILLATE,C8H8O4,
M+Cl,203.0117,7.57,METHYL VANILLATE+Cl,C8H8O4,
M+Na-2H,189.0169,7.57,METHYL VANILLATE+Na,C8H8O4,
M-H,204.0302,7.57,XANTHURENIC ACID,C10H7NO4,
M-H,158.0611,7.59,INDOLE-3-ACETALDEHYDE,C10H9NO,
M-H,202.0986,7.59,L-TRYPTOPHANAMIDE,C11H13N3O,
,203.0826,7.6,TRYPTOPHAN,C11H12N2O2,
,214.1189,7.64,L-TRYPTOPHAN-13C11,(*C8H5NH)*CH2*CH(NH2)*COOH,
,250.0956,7.64,L-TRYPTOPHAN-13C11,(*C8H5NH)*CH2*CH(NH2)*COOH,
,260.1244,7.64,L-TRYPTOPHAN-13C11,(*C8H5NH)*CH2*CH(NH2)*COOH,
M-H,172.0404,7.66,2-QUINOLINECARBOXYLIC ACID,C10H7NO2,
,189.0039,7.7,OXALOSUCCINIC ACID,C6H6O7,
M-H,203.0826,7.71,L-TRYPTOPHAN,C11H12N2O2,
M-H,203.0826,7.71,L-TRYPTOPHAN,C11H12N2O2,
M+FA-H,249.0881,7.71,L-TRYPTOPHAN+FA,C11H12N2O2,
M+FA-H,249.0881,7.71,L-TRYPTOPHAN+FA,C11H12N2O2,
,224.0561,7.74,VANILLOYLGLYCINE,C10H11NO5,
M-H,103.0401,7.79,3-HYDROXYBUTANOIC ACID,C4H8O3,
M-H,188.0353,7.79,4-HYDROXY-2-QUINOLINECARBOXYLIC ACID,C10H7NO3,
M-H,442.1481,7.79,DIHYDROFOLATE,C19H21N7O6,
M-H,440.1324,7.79,FOLIC ACID,C19H19N7O6,
M+Na-2H,462.1143,7.79,FOLIC ACID+Na,C19H19N7O6,
M-2H,219.5626,7.79,FOLIC ACID2-,C19H19N7O6,
,206.1009,7.8,"TRYPTOPHAN-2,3,3-D3",C11H9D3N2O2,
M-H,131.0713,7.83,6-HYDROXYCAPROIC ACID,C6H12O3,
M-H,559.3465,7.83,DEFEROXAMIN,C25H48N6O8,
,305.0665,7.87,EPIGALLOCATECHIN,C15H14O7,
M-H,159.0661,7.88,3-METHYLADIPIC ACID,C7H12O4,
M-H,103.0401,7.89,3-HYDROXYBUTANOIC ACID,C4H8O3,
,315.1088,7.89,VANILLOLOSIDE,C14H20O8,
M-H,165.024,7.92,THIOPURINE S-METHYLETHER,C6H6N4S,
M+FA-H,211.0295,7.92,THIOPURINE S-METHYLETHER+FA,C6H6N4S,
M-H,288.1453,7.94,METHYLGLUTARYL-L-CARNITINE,C13H23NO6,
M-H,242.1398,7.94,TIGLYLCARNITINE,C12H21NO4,
M+Cl,278.1165,7.94,TIGLYLCARNITINE+Cl,C12H21NO4,
M+FA-H,288.1453,7.94,TIGLYLCARNITINE+FA,C12H21NO4,
,740.3829,7.95,"OXPE (18:4(OO)_14:2(COOH))/OXPE (20:3(OO)_12:3(COOH))/OXPE (22:6(OO)_10:0(COOH))/OXPE (15:1(KE, OH)_17:4(COOH))/OXPE (17:1 (KE,OH)_15:4(COOH))/OXPE (18:3(KE,OH)_14:2(COOH)/OXPE (20:2(KE,OH)_12:3(COOH))/OXPE (22:5(KE,OH)_10:0(COOH))/OXPE (15:1(COOH)_17:4(COOH))",,
M-H,159.0663,7.96,6-CARBOXYHEXANOATE,C7H12O4,
M+Cl,195.043,7.96,6-CARBOXYHEXANOATE+Cl,C7H12O4,
M+Na-2H,181.0482,7.96,6-CARBOXYHEXANOATE+Na,C7H12O4,
M-H,196.0914,8,CAFFEINE-D3,C8H7D3N4O2,
,277.1228,8,PANTETHEINE,C11H22N2O4S,
M-H,181.0589,8.02,"3,4-DIHYDROXYPHENYL PROPIONIC ACID",C9H10O4,
M-H,178.051,8.03,HIPPURATE,C9H9NO3,
M+Cl,214.0276,8.03,HIPPURATE+Cl,C9H9NO3,
M-H-[-H2O],93.0346,8.03,SORBATE-H2O,C6H8O2,
M-H,136.0404,8.05,4-AMINOBENZOATE,C7H7NO2,
M-H,108.0455,8.06,2-AMINOPHENOL,C6H7NO,
M-H,289.0716,8.09,CATECHIN,C15H14O6,
,646.26,8.09,OXPE (18:4(OOOO)_6:1(CHO)),,
M-H,244.1554,8.1,2-METHYLBUTYROYLCARNITINE,C12H23NO4,
M+Cl,280.1321,8.1,2-METHYLBUTYROYLCARNITINE+Cl,C12H23NO4,
M+FA-H,290.1609,8.1,2-METHYLBUTYROYLCARNITINE+FA,C12H23NO4,
,165.0585,8.1,HEXANESULFONIC ACID,C6H14O3S,
,79.9559,8.1,HEXANESULFONIC ACID-SULFATE,C6H14O3S,
,185.0275,8.1,XYLENESULFONATE,C8H10O3S,
M-H,375.131,8.12,RIBOFLAVIN,C17H20N4O6,
M+Cl,411.1077,8.12,RIBOFLAVIN+Cl,C17H20N4O6,
M+FA-H,421.1365,8.12,RIBOFLAVIN+FA,C17H20N4O6,
M+Cl,279.0576,8.18,BIOTIN,C10H16N2O3S,
M+FA-H,289.0864,8.18,BIOTIN,C10H16N2O3S,
M+Na-2H,265.0628,8.18,BIOTIN,C10H16N2O3S,
M-H,243.0809,8.18,BIOTIN,C10H16N2O3S,
M-H,212.0023,8.18,INDOXYL SULFATE,C8H7NO4S,
M-H,153.0193,8.22,"2,5-DIHYDROXYBENZOATE",C7H6O4,
M+Na-2H,175.0013,8.22,"2,5-DIHYDROXYBENZOATE+Na",C7H6O4,
M-H,190.051,8.22,5-HYDROXYINDOLEACETATE,C10H9NO3,
M-H,109.0295,8.22,HYDROQUINONE,C6H6O2,
M-H,244.1554,8.22,ISOVALERYL-L-CARNITINE,C12H23NO4,
M+Cl,280.1321,8.22,ISOVALERYL-L-CARNITINE+Cl,C12H23NO4,
M+FA-H,290.1609,8.22,ISOVALERYL-L-CARNITINE+FA,C12H23NO4,
M-H,145.0771,8.26,DIMETHYLBENZIMIDAZOLE,C9H10N2,
M+FA-H,191.0826,8.26,DIMETHYLBENZIMIDAZOLE+FA,C9H10N2,
M-H,146.0611,8.29,3-METHYL-2-OXINDOLE,C9H9NO,
M-H,190.051,8.29,5-HYDROXYINDOLEACETATE,C10H9NO3,
M+FA-H,236.0564,8.29,5-HYDROXYINDOLEACETATE+FA,C10H9NO3,
M-H,217.0983,8.29,N-ACETYLSEROTONIN,C12H14N2O2,
M+FA-H,263.1037,8.29,N-ACETYLSEROTONIN+FA,C12H14N2O2,
,519.1124,8.3,EUJAMBOLIN,C24H24O13,
,273.0077,8.31,FERULIC ACID SULFATE,C10H10O7S,
M-H,244.1554,8.31,VALERYL-L-CARNITINE,C12H23NO4,
M+Cl,280.1321,8.31,VALERYL-L-CARNITINE+Cl,C12H23NO4,
M+FA-H,290.1609,8.31,VALERYL-L-CARNITINE+FA,C12H23NO4,
M-H,431.8599,8.35,"3,5-DIIODO-L-TYROSINE",C9H9I2NO3,
M+Na-2H,453.8419,8.35,"3,5-DIIODO-L-TYROSINE+Na",C9H9I2NO3,
M-H,172.0979,8.35,N-ACETYL-L-LEUCINE,C8H15NO3,
M+Cl,208.0746,8.35,N-ACETYL-L-LEUCINE+Cl,C8H15NO3,
M-H,202.1098,8.36,N6-(DELTA2-ISOPENTENYL)-ADENINE,C10H13N5,
M+Cl,238.0865,8.36,N6-(DELTA2-ISOPENTENYL)-ADENINE+Cl,C10H13N5,
M+FA-H,248.1153,8.36,N6-(DELTA2-ISOPENTENYL)-ADENINE+FA,C10H13N5,
,289.0716,8.38,EPICATECHIN,C15H14O6,
M-H,163.0401,8.42,PHENYLPYRUVATE,C9H8O3,
M+FA-H,209.0455,8.42,PHENYLPYRUVATE+FA,C9H8O3,
M-H,151.0401,8.43,3-HYDROXYPHENYLACETATE,C8H8O3,
M+FA-H,197.0455,8.43,3-HYDROXYPHENYLACETATE+FA,C8H8O3,
,187.0059,8.44,P-CRESOL SULFATE,C7H8O4S,
M-H,179.035,8.46,CAFFEATE,C9H8O4,
M-H,181.0506,8.46,HOMOVANILLATE,C9H10O4,
,137.0608,8.46,HOMOVANILLATE-CO2,C9H10O4,
M-H,137.0244,8.49,4-HYDROXYBENZOATE,C7H6O3,
M+FA-H,183.0299,8.49,4-HYDROXYBENZOATE+FA,C7H6O3,
M-H,137.0244,8.49,SALICYLATE,C7H6O3,
M+FA-H,183.0299,8.49,SALICYLATE+FA,C7H6O3,
M-H,153.0193,8.5,"2,3-DIHYDROXYBENZOATE",C7H6O4,
M+Na-2H,175.0013,8.5,"2,3-DIHYDROXYBENZOATE+Na",C7H6O4,
M-H,213.1245,8.51,DETHIOBIOTIN,C10H18N2O3,
M+Cl,249.1011,8.51,DETHIOBIOTIN+Cl,C10H18N2O3,
M+FA-H,259.1299,8.51,DETHIOBIOTIN+FA,C10H18N2O3,
M+Na-2H,235.1064,8.51,DETHIOBIOTIN+Na,C10H18N2O3,
,443.0985,8.59,ENTEROCIN,C22H20O10,
,158.0097,8.6,N-BOC-L-ASPARTIC ACID,C9H15NO6,
,232.0827,8.6,N-BOC-L-ASPARTIC ACID,C9H15NO6,
,457.0788,8.63,GALLOCATECHIN GALLATE,C22H18O11,
M-H,151.0401,8.65,2-HYDROXYPHENYLACETIC ACID,C8H8O3,
M+Na-2H,173.022,8.65,2-HYDROXYPHENYLACETIC ACID+Na,C8H8O3,
M-H,121.0295,8.66,4-HYDROXYBENZALDEHYDE,C7H6O2,
M-H,173.0819,8.68,SUBERIC ACID,C8H14O4,
M+Na-2H,195.0639,8.68,SUBERIC ACID+Na,C8H14O4,
M-H,136.0404,8.73,4-AMINOBENZOATE,C7H7NO2,
M-H,136.0404,8.73,ANTHRANILATE,C7H7NO2,
M-H,173.072,8.82,INDOLE-3-ACETAMIDE,C10H10N2O,
M+FA-H,206.0823,8.88,INDOLE-3-ETHANOL,C10H11NO,
M-H,206.0823,8.89,N-ACETYL-L-PHENYLALANINE,C11H13NO3,
M+Cl,242.0589,8.89,N-ACETYL-L-PHENYLALANINE+Cl,C11H13NO3,
M-H,136.0404,8.9,SALICYLAMIDE,C7H7NO2,
M-H,121.0295,8.96,3-HYDROXYBENZALDEHYDE,C7H6O2,
M+FA-H,167.035,8.96,3-HYDROXYBENZALDEHYDE+FA,C7H6O2,
,114.0198,9,N-BOC-L-ALANINE,C8H15NO4,
,188.0923,9,N-BOC-L-ALANINE,C8H15NO4,
,151.0406,9.05,VANILLIN,C8H8O3,
M-H,258.1711,9.08,HEXANOYLCARNITINE,C13H25NO4,
M+Cl,294.1478,9.08,HEXANOYLCARNITINE+Cl,C13H25NO4,
M+FA-H,304.1766,9.08,HEXANOYLCARNITINE+FA,C13H25NO4,
,441.0826,9.11,EPICATECHIN GALLATE,C22H18O10,
,179.0354,9.27,MONOMETHYL PHTHALATE (MMP),C9H8O4,
M-H,245.0932,9.31,N-ACETYL-D-TRYPTOPHAN,C13H14N2O3,
M+Cl,281.0698,9.31,N-ACETYL-D-TRYPTOPHAN+Cl,C13H14N2O3,
M-H,179.0347,9.33,CAFFEIC ACID,C9H8O4,
M-H,187.0976,9.34,AZELAIC ACID,C9H16O4,
M+Cl,223.0743,9.34,AZELAIC ACID+Cl,C9H16O4,
M+Na-2H,209.0795,9.34,AZELAIC ACID+Na,C9H16O4,
M-H,193.0506,9.35,FERULATE,C10H10O4,
,303.0509,9.35,TAXIFOLIN,C15H12O7,
M-H,514.2844,9.38,TAUROMURICHOLIC ACID,C26H45NO7S,
M-H,514.2844,9.4,TAUROMURICHOLIC ACID,C26H45NO7S,
M-H,165.0557,9.41,3-(2-HYDROXYPHENYL)PROPANOATE,C9H10O3,
M+Na-2H,187.0377,9.41,3-(2-HYDROXYPHENYL)PROPANOATE+Na,C9H10O3,
M-H-[-H2O],147.0452,9.41,3-(2-HYDROXYPHENYL)PROPANOATE-H2O,C9H10O3,
M-H,241.0731,9.41,LUMICHROME,C12H10N4O2,
M-H,390.1704,9.42,S-HEXYL-GLUTATHIONE,C16H29N3O6S,
M+Na-2H,412.1524,9.42,S-HEXYL-GLUTATHIONE+Na,C16H29N3O6S,
M-H,174.0561,9.47,INDOLE-3-ACETATE,C10H9NO2,
M-H,174.0561,9.47,INDOLE-3-ACETIC ACID,C10H9NO2,
M+FA-H,220.0615,9.47,INDOLE-3-ACETIC ACID+FA,C10H9NO2,
M-H,514.2844,9.52,TAUROMURICHOLIC ACID,C26H45NO7S,
,127.0491,9.56,BENZOIC ACID-13C6,*C6H5COOH,
M-H,359.0772,9.64,ROSMARINIC ACID,C18H16O8,
M+Cl,395.0539,9.64,ROSMARINIC ACID+Cl,C18H16O8,
M+Na-2H,381.0592,9.64,ROSMARINIC ACID+Na,C18H16O8,
M+Cl,401.21,9.65,"3-ALPHA,11-BETA,17-ALPHA,21-TETRAHYDROXY- 5-ALPHA-PREGNAN-20-ONE+Cl",C21H34O5,
M+FA-H,411.2388,9.65,"3-ALPHA,11-BETA,17-ALPHA,21-TETRAHYDROXY- 5-ALPHA-PREGNAN-20-ONE+FA",C21H34O5,
M-H,121.0295,9.66,BENZOATE,C7H6O2,
,669.3963,9.67,LYSOPI (23:0),,
M-H,523.8861,9.76,"3,5-DIIODO-L-THYRONINE",C15H13I2NO4,
M+FA-H,569.8916,9.76,"3,5-DIIODO-L-THYRONINE+FA",C15H13I2NO4,
M-H,202.051,9.8,INDOLE-3-PYRUVIC ACID,C11H9NO3,
,201.113,9.89,3-TERT-BUTYLADIPIC ACID,C10H18O4,
,193.051,9.91,MONOETHYL PHTHALATE (MEP),C10H10O4,
M-H,514.2844,9.94,TAUROCHOLIC ACID (TCA),C26H45NO7S,
,582.2718,9.94,TAUROCHOLIC ACID (TCA),C26H45NO7S,
,141.049,9.95,SALICYLIC ACID-D4,C7H2D4O3,
M-H,341.19672,9.97,"2,3-DINOR-6-KETO PGF1 (NA)",,
,349.2021,9.99,RESOLVIN E1,C20H30O5 ,
M-H,498.2895,9.99,TAUROURSODEOXYCHOLIC ACID (T-UDCA),C26H45NO6S,
,566.2771,9.99,TAUROURSODEOXYCHOLIC ACID (T-UDCA),C26H45NO6S,
M-H,150.0014,10,"1,2-BENZISOTHIAZOLIN-3-ONE",C7H5NOS,
M-H,187.134,10,10-HYDROXYDECANOATE,C10H20O3,
M-H,361.202,10.01,CORTISOL,C21H30O5,
M+Cl,397.1787,10.01,CORTISOL+Cl,C21H30O5,
M+FA-H,407.2075,10.01,CORTISOL+FA,C21H30O5,
M-H,151.0401,10.03,"2',4'-DIHYDROXYACETOPHENONE",C8H8O3,
M-H,151.0401,10.03,3-HYDROXYPHENYLACETATE,C8H8O3,
M-H,151.0401,10.03,RESORCINOL MONOACETATE,C8H8O3,
M+Na-2H,219.0275,10.04,3-METHOXY-4-HYDROXYMANDELATE+Na,C9H10O5,
M-H,369.22794,10.04,6-KETO PROSTAGLANDIN F1,C20H34O6,
M-H,137.0244,10.07,3-HYDROXYBENZOATE,C7H6O3,
M+Na-2H,159.0064,10.07,3-HYDROXYBENZOATE+Na,C7H6O3,
M+Na-2H,205.0118,10.07,DIHYDROXYMANDELIC ACID,C8H8O5,
,206.0461,10.08,BOC-L-TYROSINE,C14H19NO5,
,280.1185,10.08,BOC-L-TYROSINE,C14H19NO5,
M+Cl,401.21,10.11,"3-ALPHA,11-BETA,17-ALPHA,21-TETRAHYDROXY- 5-ALPHA-PREGNAN-20-ONE+Cl",C21H34O5,
M+FA-H,411.2388,10.11,"3-ALPHA,11-BETA,17-ALPHA,21-TETRAHYDROXY- 5-ALPHA-PREGNAN-20-ONE+FA",C21H34O5,
M-H,103.0397,10.14,4-HYDROXYBUTYRIC ACID (GHB),C4H8O3,
M-H,359.1864,10.19,CORTISONE,C21H28O5,
M+Cl,395.1631,10.19,CORTISONE+Cl,C21H28O5,
M+FA-H,405.1919,10.19,CORTISONE+FA,C21H28O5,
M-H-[-H2O],341.1758,10.19,CORTISONE-H2O,C21H28O5,
M-H,286.2024,10.22,OCTANOYL-L-CARNITINE,C15H29NO4,
M-H,284.1867,10.22,OCTENOYL-L-CARNITINE,C15H27NO4,
M+Cl,320.1634,10.22,OCTENOYL-L-CARNITINE+Cl,C15H27NO4,
M+FA-H,330.1922,10.22,OCTENOYL-L-CARNITINE+FA,C15H27NO4,
M-H,341.19672,10.35,"2,3-DINOR TXB2",,
M-H,407.2803,10.38,URSOCHOLIC ACID,C24H40O5,
M+Cl,443.257,10.38,URSOCHOLIC ACID+Cl,C24H40O5,
M+FA-H,453.2858,10.38,URSOCHOLIC ACID+FA,C24H40O5,
M-H,649.7828,10.48,"3,3',5'-TRIIODOTHYRONINE",C15H12I3NO4,
,929.612,10.5,DIMER OF GLYCOCHOLIC ACID (GCA),C26H43NO6,
M-H,286.2024,10.51,OCTANOYL-L-CARNITINE,C15H29NO4,
M+Cl,322.1791,10.51,OCTANOYL-L-CARNITINE+Cl,C15H29NO4,
M+FA-H,332.2079,10.51,OCTANOYL-L-CARNITINE+FA,C15H29NO4,
M-H,339.18106,10.52,"11-DEHYDRO-2,3-DINOR TXB2",,
M-H,464.3018,10.55,GLYCOCHOLIC ACID,C26H43NO6,
,535.289,10.55,GLYCOCHOLIC ACID (GCA),C26H43NO6,
M+Cl,500.2784,10.55,GLYCOCHOLIC ACID+Cl,C26H43NO6,
M-H,498.2895,10.55,TAUROCHENODESOXYCHOLIC ACID (T-CDCA),C26H45NO6S,
,498.2896,10.55,TAUROCHENODESOXYCHOLIC ACID (T-CDCA),C26H45NO6S,
,566.272,10.55,TAUROCHENODESOXYCHOLIC ACID (T-CDCA),C26H45NO6S,
M-H,369.22794,10.55,THROMBOXANE B2 ,C20H34O6,
M+Cl,500.2784,10.56,GLYCOCHOLATE,C26H43NO6,
M-H,464.3018,10.56,GLYCOCHOLATE,C26H43NO6,
M-H,353.23312,10.58,15-KETO PROSTAGLANDIN F1,,
,215.0117,10.59,3-(4-HYDROXYPHENYL)PYRUVATE,C9H8O4,
,367.1579,10.6,TESTOSTERONE SULFATE,,
M+FA-H,189.1132,10.63,CAPRYLIC ACID,C8H16O2,
,897.6218,10.67,DIMER OF GLYCOURSODEOXYCHOLIC ACID (G-UDCA),C26H43NO5,
,516.294,10.67,GLYCOURSODEOXYCHOLIC ACID (G-UDCA),C26H43NO5,
M-H,498.2895,10.67,TAURODEOXYCHOLIC ACID (T-DCA),C26H45NO6S,
,566.2771,10.67,TAURODEOXYCHOLIC ACID (T-DCA),C26H45NO6S,
Possible fragment of Glutarylcarnitine; M/Z 562.2987,562.2987,10.72,GLUTARYLCARNITINE-sf,C12H21NO6,
M-H,448.3068,10.72,GLYCOHYODEOXCHOLIC ACID,C26H43NO5,
M+Cl,484.2835,10.72,GLYCOHYODEOXCHOLIC ACID+Cl,C26H43NO5,
M-H,355.24881,10.73,PROSTAGLANDIN F1,,
M-H,147.0452,10.73,TRANS-CINNAMATE,C9H8O2,
M+Na-2H,486.2837,10.74,GLYCOCHOLIC ACID+Na,C26H43NO6,
M-H,448.3068,10.74,GLYCOURSODEOXYCHOLIC ACID (G-UDCA),C26H43NO5,
M+Cl,484.2835,10.74,GLYCOURSODEOXYCHOLIC ACID (G-UDCA)+Cl,C26H43NO5,
M+Cl,381.1838,10.77,CORTICOSTERONE+Cl,C21H30O4,
M+FA-H,391.2126,10.77,CORTICOSTERONE+FA,C21H30O4,
M-H,407.2803,10.85,ALPHA-MURICHOLIC ACID,C24H40O5,
M+Cl,443.257,10.85,ALPHA-MURICHOLIC ACID+Cl,C24H40O5,
M+FA-H,453.2858,10.85,ALPHA-MURICHOLIC ACID+FA,C24H40O5,
M-H,405.2646,10.88,7-KETODEOXYCHOLIC ACID,C24H38O5,
M+Cl,441.2413,10.88,7-KETODEOXYCHOLIC ACID+Cl,C24H38O5,
M+FA-H,451.2701,10.88,7-KETODEOXYCHOLIC ACID+FA,C24H38O5,
M-H,405.2646,10.9,12-KETOCHENODEOXYCHOLIC ACID,C24H38O5,
M+Cl,441.2413,10.9,12-KETOCHENODEOXYCHOLIC ACID+Cl,C24H38O5,
M+FA-H,451.2701,10.9,12-KETOCHENODEOXYCHOLIC ACID+FA,C24H38O5,
,156.0669,10.9,N-BOC-L-TERT-LEUCINE,C11H21NO4,
,230.1393,10.9,N-BOC-L-TERT-LEUCINE,C11H21NO4,
,375.2177,10.93,RESOLVIN D3,C22H32O5,
M+FA-H,391.2126,10.99,REICHSTEINS SUBSTANCE S,C21H30O4,
M+Cl,381.1838,10.99,REICHSTEINS SUBSTANCE S+Cl,C21H30O4,
M-H,345.2071,10.99,REICHSTEINS SUBSTANCE S+FA,C21H30O4,
M-H,407.2803,11.03,BETA-MURICHOLIC ACID,C24H40O5,
M+Cl,443.257,11.03,BETA-MURICHOLIC ACID+Cl,C24H40O5,
M+FA-H,453.2858,11.03,BETA-MURICHOLIC ACID+FA,C24H40O5,
,183.0045,11.05,"2,4-DINITROPHENOL",C6H4N2O5,
,375.2177,11.06,RESOLVIN D2,C22H32O5,
M-H,351.2175,11.08,15-KETO PROSTAGLANDIN F2,,
M-H,152.035,11.09,3-AMINOSALICYLIC ACID,C7H7NO3,
M-H,401.2333,11.13,DEHYDROCHOLIC ACID,C24H34O5,
M+Cl,437.21,11.13,DEHYDROCHOLIC ACID+Cl,C24H34O5,
M+FA-H,447.2388,11.13,DEHYDROCHOLIC ACID+FA,C24H34O5,
M-H,407.2803,11.15,GAMA-MURICHOLIC ACID,C24H40O5,
M+Cl,443.257,11.15,GAMA-MURICHOLIC ACID+Cl,C24H40O5,
M+FA-H,453.2858,11.15,GAMA-MURICHOLIC ACID+FA,C24H40O5,
M-H,407.2803,11.17,ALLOCHOLIC ACID,C24H40O5,
M+Cl,443.257,11.17,ALLOCHOLIC ACID+Cl,C24H40O5,
M+FA-H,453.2858,11.17,ALLOCHOLIC ACID+FA,C24H40O5,
M-H,353.23312,11.18,11-PROSTAGLANDIN F2,,
,815.5693,11.2,DIMER OF CHOLIC ACID,C24H40O5,
,837.5515,11.2,DIMER OF CHOLIC ACID,C24H40O5,
M-H,215.1653,11.22,OMEGA-HYDROXYDODECANOIC ACID,C12H24O3,
M+Cl,251.1419,11.22,OMEGA-HYDROXYDODECANOIC ACID+Cl,C12H24O3,
M-H,135.0452,11.22,PHENYL ACETATE,C8H8O2,
M+Cl,443.257,11.26,CHOLATE,C24H40O5,
M+FA-H,453.2858,11.26,CHOLATE,C24H40O5,
M-H,407.2803,11.26,CHOLATE,C24H40O5,
M-H,407.2803,11.26,CHOLIC ACID,C24H40O5,
M+Cl,443.257,11.26,CHOLIC ACID+Cl,C24H40O5,
M+FA-H,453.2858,11.26,CHOLIC ACID+FA,C24H40O5,
,285.0403,11.32,KAEMPFEROL,C15H10O6,
M-H,403.2126,11.34,CORTISOL 21-ACETATE,C23H32O6,
M+Cl,439.1893,11.34,CORTISOL 21-ACETATE+Cl,C23H32O6,
M+FA-H,449.2181,11.34,CORTISOL 21-ACETATE+FA,C23H32O6,
M-H,187.1338,11.35,3-HYDROXYDECANOIC ACID,C10H20O3,
,448.3074,11.35,CHENODEOXYCHOLYGLYCINE (GCDCA),C26H43NO6,
,516.295,11.35,CHENODEOXYCHOLYGLYCINE (GCDCA),C26H43NO7,
,897.6232,11.35,DIMER OF CHENODEOXYCHOLYGLYCINE (GCDCA),C26H43NO8,
,375.2176,11.35,RESOLVIN D1/ 17(R) RESOLVIN D1,C22H32O5,
M-H,349.20184,11.38,15-KETO PROSTAGLANDIN E2 ,,
,221.0824,11.38,MONOBUTYL PHTHALATE (MBP),C12H14O4,
M-H,448.3068,11.4,GLYCOCHENODEOXYCHOLIC ACID,C26H43NO5,
M+Cl,484.2835,11.4,GLYCOCHENODEOXYCHOLIC ACID+Cl,C26H43NO5,
M-H,367.21231,11.42,11-DEHYDRO TXB2,,
M-H,353.23312,11.42,"13,14-DIHYDRO-15-KETO PROSTAGLANDIN F2",,
,221.0817,11.45,MONOBUTYL PHTHALATE,C12H14O4,
,166.0863,11.49,BOC-D-PHENYLALANINE ,C14H19NO4,
M-H,391.2854,11.5,MURIDEOXYCHOLIC ACID,C24H40O4,
M+Cl,427.2621,11.5,MURIDEOXYCHOLIC ACID+Cl,C24H40O4,
M+FA-H,437.2909,11.5,MURIDEOXYCHOLIC ACID+FA,C24H40O4,
,229.0621,11.52,N-BOC-L-TRYPTOPHAN,C16H20N2O4,
,303.1345,11.52,N-BOC-L-TRYPTOPHAN,C16H20N2O4,
M-H,482.2946,11.52,TAUROLITHOCHOLIC ACID (T-LCA),C26H45NO5S,
M-H,367.21228,11.53,11-DEHYDRO THROMBOXANE B2 ,C20H32O6,
,783.5797,11.55,DIMER OF URSODEOXYCHOLIC ACID (UDCA),C24H40O4,
,805.5613,11.55,DIMER OF URSODEOXYCHOLIC ACID (UDCA),C24H40O4,
M-H,448.3068,11.55,GLYCODEOXYCHOLIC ACID (GDCA),C26H43NO5,
,516.294,11.55,GLYCODEOXYCHOLIC ACID (GDCA),C26H43NO5,
,550.2818,11.55,TAUROLITHOCHOLIC ACID (T-LCA),C26H45NO5S,
,583.25566,11.6,BILLIRUBIN,,
M-H,351.2175,11.61,"13,14-DIHYDRO-15-KETO PROSTAGLANDIN E2 ",,
M-H-[-H2O],165.0557,11.62,4-HYDROXY-3-METHOXYPHENYLGLYCOL-H2O,C9H12O4,
M-H,391.2854,11.64,HYODEOXYCHOLIC ACID,C24H40O4,
M+Cl,427.2621,11.64,HYODEOXYCHOLIC ACID+Cl,C24H40O4,
M+FA-H,437.2909,11.64,HYODEOXYCHOLIC ACID+FA,C24H40O4,
M-H,482.2946,11.64,TAUROLITHOCHOLATE,C26H45NO5S,
M-H,358.2599,11.65,3-HYDROXYDODECANOYL CARNITINE,C19H37NO5,
M+Cl,394.2366,11.65,3-HYDROXYDODECANOYL CARNITINE+Cl,C19H37NO5,
M+FA-H,404.2654,11.65,3-HYDROXYDODECANOYL CARNITINE+FA,C19H37NO5,
M-H,391.2854,11.65,URSODEOXYCHOLIC ACID (UDCA),C24H40O4,
,459.2732,11.65,URSODEOXYCHOLIC ACID (UDCA),C24H40O4,
M+Cl,427.2621,11.65,URSODEOXYCHOLIC ACID (UDCA)+Cl,C24H40O4,
M+FA-H,437.2909,11.65,URSODEOXYCHOLIC ACID (UDCA)+FA,C24H40O4,
M+FA-H,269.1394,11.67,METHYL JASMONATE+FA,C13H20O3,
M-H-[-H2O],165.0557,11.73,4-HYDROXY-3-METHOXYPHENYLGLYCOL-H2O,C9H12O4,
,255.0669,11.75,MONOBENZYL PHTHALATE (MBZP), C15H12O4 ,
M+FA-H,217.1445,11.79,DECANOATE,C10H20O2,
M-H,171.1391,11.79,DECANOATE,C10H20O2,
M-H,314.2337,11.79,DECANOYL-L-CARNITINE,C17H33NO4,
M+Cl,350.2104,11.79,DECANOYL-L-CARNITINE+Cl,C17H33NO4,
M+FA-H,360.2392,11.79,DECANOYL-L-CARNITINE+FA,C17H33NO4,
,581.24,11.8,BILIVERDIN,,
,502.2916,11.9,LYSOPE (20:3),C25H46NO7P,
M-H,357.2175,11.91,"13,14-DIHYDRO-15-KETO PROSTAGLANDIN D2 ",,
,151.134,11.92,OCTANOIC ACID-13C8,*CH3(*CH2)6*COOH,
M-H,377.2697,11.99,NORDEOXYCHOLIC ACID,C23H38O4,
M+Cl,413.2464,11.99,NORDEOXYCHOLIC ACID+Cl,C23H38O4,
M+FA-H,423.2752,11.99,NORDEOXYCHOLIC ACID+FA,C23H38O4,
M-H,389.2697,12.04,7-KETOCHENODEOXYCHOLIC ACID,C24H38O4,
M+Cl,425.2464,12.04,7-KETOCHENODEOXYCHOLIC ACID+Cl,C24H38O4,
M+FA-H,435.2752,12.04,7-KETOCHENODEOXYCHOLIC ACID+FA,C24H38O4,
,359.2229,12.24,RESOLVIN D5,C22H32O4,
,459.2732,12.3,CHENODEOXYCHOLIC ACID (CDCA),C24H40O4,
,783.5788,12.3,DIMER OF CHENODEOXYCHOLIC ACID (CDCA),C24H40O4,
,805.5608,12.3,DIMER OF CHENODEOXYCHOLIC ACID (CDCA),C24H40O4,
M-H,304.192,12.39,CAPSAICIN,C18H27NO3,
M-H,449.3272,12.39,COPROCHOLIC ACID,C27H46O5,
M-H,391.2854,12.4,"3ALPHA,12ALPHA-DIHYDROXY-5BETA-CHOLANATE",C24H40O4,
M+Cl,427.2621,12.4,"3ALPHA,12ALPHA-DIHYDROXY-5BETA-CHOLANATE+CL",C24H40O4,
M+FA-H,437.2909,12.4,"3ALPHA,12ALPHA-DIHYDROXY-5BETA-CHOLANATE+FA",C24H40O4,
M-H,391.2854,12.4,CHENODEOXYCHOLIC ACID (CDCA),C24H40O4,
M+Cl,427.2621,12.4,CHENODEOXYCHOLIC ACID (CDCA)+Cl,C24H40O4,
M+FA-H,437.2909,12.4,CHENODEOXYCHOLIC ACID (CDCA)+FA,C24H40O4,
,478.2935,12.4,LYSOPE (18:1),C23H46NO7P,
,378.2409,12.4,SPHINGOSINE-1-PHOSPHATE,,
,783.5797,12.42,DIMER OF DEOXYCHOLIC ACID (DCA),C24H40O4,
,805.5613,12.42,DIMER OF DEOXYCHOLIC ACID (DCA),C24H40O4,
M-H,449.3272,12.45,COPROCHOLIC ACID,C27H46O5,
M+Cl,485.3039,12.45,COPROCHOLIC ACID+Cl,C27H46O5,
M+FA-H,495.3327,12.45,COPROCHOLIC ACID+FA,C27H46O5,
M-H,391.2854,12.51,"3ALPHA,12ALPHA-DIHYDROXY-5BETA-CHOLANATE",C24H40O4,
M+Cl,427.2621,12.51,"3ALPHA,12ALPHA-DIHYDROXY-5BETA-CHOLANATE+Cl",C24H40O4,
M+FA-H,437.2909,12.51,"3ALPHA,12ALPHA-DIHYDROXY-5BETA-CHOLANATE+FA",C24H40O4,
M+K-2H,439.2984,12.51,7-HYDROXYCHOLESTEROL+K,C27H46O2,
M-H,391.2854,12.51,CHENODEOXYCHOLATE,C24H40O4,
M+Cl,427.2621,12.51,CHENODEOXYCHOLATE+Cl,C24H40O4,
M+FA-H,437.2909,12.51,CHENODEOXYCHOLATE+FA,C24H40O4,
M-H,391.2854,12.51,DEOXYCHOLIC ACID(DCA),C24H40O4,
,459.2732,12.51,DEOXYCHOLIC ACID(DCA),C24H40O4,
M+Cl,427.2621,12.51,DEOXYCHOLIC ACID(DCA)+Cl,C24H40O4,
M+FA-H,437.2909,12.51,DEOXYCHOLIC ACID(DCA)+FA,C24H40O4,
M-H,391.2854,12.52,DEOXYCHOLATE,C24H40O4,
M-H,333.20694,12.59,"13,14-DIHYDRO-15-KETO PROSTAGLANDIN A2 ",,
M-H,187.0401,12.68,1-HYDROXY-2-NAPHTHOATE,C11H8O3,
,330.0983,12.7,CITBRASINE,C17H17NO6,
M-H,337.23837,12.75,14(15)-DIHET,,
M-H,342.265,12.75,LAUROYLCARNITINE,C19H37NO4,
M+Cl,378.2417,12.75,LAUROYLCARNITINE+Cl,C19H37NO4,
M+FA-H,388.2705,12.75,LAUROYLCARNITINE+FA,C19H37NO4,
M-H,340.2493,12.8,DODECENOYLCARNITINE,C19H35NO4,
M+Cl,376.226,12.8,DODECENOYLCARNITINE+Cl,C19H35NO4,
M+FA-H,386.2548,12.8,DODECENOYLCARNITINE+FA,C19H35NO4,
M-H,432.3119,12.81,GLYCOLITHOCHOLIC ACID,C26H43NO4,
M+Cl,468.2886,12.81,GLYCOLITHOCHOLIC ACID+Cl,C26H43NO4,
M+FA-H,315.2541,12.87,HEPTADECANOATE+FA,C17H34O2,
,244.9968,12.87,ISOPENTENYL PYROPHOSPHATE,C8H7ClN2O5,
,306.2078,12.89,CAPSAICIN +2H,C18H27NO4,
,426.0221,12.91,2'-DEOXYGUANOSINE 5'-DIPHOSPHATE,C10H15N5O10P2,
,407.2198,12.92,LYSOPA(16:1),C19H37O7P,
,500.2789,12.93,LYSOPE (20:4),,
,524.2777,12.93,LYSOPE (22:6),,
M-H,337.23837,12.94,11(12)-DIHET,,
,500.2792,12.94,LYSOPE (20:4),,
M-H,279.19632,13,12(S)-HHTRE,C17H28O3,
M+FA-H,315.2541,13.06,HEPTADECANOATE+FA,C17H34O2,
M-H,317.2121,13.12,(±)18-HEPE,C20H30O3,
M-H,337.23837,13.14,8(9)-DIHET,,
,481.2361,13.19,LYSOPA(22:6),C25H39O7P,
,457.2361,13.23,LYSOPA(20:4),C23H39O7P,
,433.2361,13.26,LYSOPA(18:2),C21H39O7P,
M-H,429.301,13.31,7-HYDROXY-3-OXO-4-CHOLESTENOIC ACID,C27H42O4,
M+Cl,465.2777,13.31,7-HYDROXY-3-OXO-4-CHOLESTENOIC ACID+Cl,C27H42O4,
M+FA-H,475.3065,13.31,7-HYDROXY-3-OXO-4-CHOLESTENOIC ACID+FA,C27H42O4,
M+e,194.0809,13.39,CAFFEINE,C8H10N4O2,
M-H,319.22757,13.43,20-HETE,C20H32O3,
,452.2789,13.43,LYSOPE (16:0),,
,478.2924,13.46,LYSOPE (18:1),,
,277.1451,13.5,PHTHALIC ACID MONO-2-ETHYLHEXYL ESTER (MEHP),C16H22O4,
,277.1441,13.55,MONO-(2-ETHYLHEXYL) PHTHALATE,C16H22O4,
,540.33,13.55,MONO-(2-ETHYLHEXYL) PHTHALATE DIMER,,
,772.4764,13.55,MONO-(2-ETHYLHEXYL) PHTHALATE TRIMER,,
,325.1836,13.56,4-DODECYLBENZENESULFONATE,C12H31N4O2PS,
,459.2517,13.57,LYSOPA(20:3),C23H41O7P,
M-H,315.1962,13.63,"15-DEOXY-?12,14-PROSTAGLANDIN J2 ",,
,566.3449,13.65,LYSOPC (18:1),,
,409.2355,13.68,LYSOPA(16:0),C19H39O7P,
,277.1451,13.8,MONOOCTYL PHTLATE (MOP),C16H22O4,
,435.2512,13.86,LYSOPA(18:1),C21H41O7P,
,462.3001,13.9,PLASMENYL-LYSOPE (P-18:1),,
M-H,319.22757,14.08,12(S)-HETE,C20H32O3,
M+Cl,404.2573,14.24,TETRADECENOYL-L-CARNITINE+Cl,C21H39NO4,
M+FA-H,414.2861,14.24,TETRADECENOYL-L-CARNITINE+FA,C21H39NO4,
M-H,375.2905,14.25,LITHOCHOLIC ACID (LCA),C24H40O3,
M+FA-H,421.2959,14.25,LITHOCHOLIC ACID (LCA)+FA,C24H40O3,
M-H,414.3225,14.26,3-HYDROXYHEXADECANOYLCARNITINE,C23H45NO5,
M+Cl,450.2992,14.26,3-HYDROXYHEXADECANOYLCARNITINE+Cl,C23H45NO5,
M+FA-H,460.328,14.26,3-HYDROXYHEXADECANOYLCARNITINE+FA,C23H45NO5,
M-H,321.24329,14.27,12(S)-HETRE,C20H33O3,
,239.067,14.35,DINOTERB (HERBICIDE),C10H12N2,
,480.308,14.53,LYSOPE (18:0),,
M-H,319.22757,14.56,14(15)-EET,C20H32O3,
M-H,370.2963,14.62,MYRISTOYL-L-CARNITINE,C21H41NO4,
M+Cl,406.273,14.62,MYRISTOYL-L-CARNITINE+Cl,C21H41NO4,
M+FA-H,416.3018,14.62,MYRISTOYL-L-CARNITINE+FA,C21H41NO4,
,299.2011,14.7,RETINOIC ACID,,
M-H,319.22757,14.75,11(12)-EET,C20H32O3,
M-H,373.2748,14.81,DEHYDROLITHOCHOLIC ACID,C24H38O3,
M+FA-H,419.2803,14.81,DEHYDROLITHOCHOLIC ACID+FA,C24H38O3,
M-H,319.22757,14.85,8(9)-EET,C20H32O3,
,519.2347,14.9,ANTIMYCIN A3,C26H36N2O9,
,301.2171,15.28,EICOSAPENTAENOIC ACID,C20H30O2,
,533.2504,15.33,ANTIMYCIN A2,C27H38N2O9,
,277.2168,15.5,A-LINOLENIC ACID,C18H30O2,
M+FA-H,468.3331,15.57,LINOLEYL CARNITINE+FA,C25H45NO4,
,327.2328,15.68,DOCOSAHEXANOIC ACID,C22H32O2,
,547.2662,15.76,ANTIMYCIN A1,C28H40N2O9,
,327.2325,15.76,DOCOSAHEXAENOIC ACID (22:6),C22H32O2,
M-H,303.2326,16,ARACHIDONIC ACID (20:4),C20H32O2,
,279.2325,16.25,LINOLEIC ACID (18:2),C18H32O2,